Date,S&P500,Bond Rate,PrDec,PrInc,Dates,IVOL_PUT_12M_MOV_AVG_30D_HIST,IVOL_CALL_12M_MOV_AVG_30D_HIST
1/2/19,2510.03,0.02365,0.14518,0.12331,1/2/19,18.7598,18.7598
1/3/19,2447.89,0.02355,0.14518,0.12331,1/3/19,18.8515,18.8515
1/4/19,2531.94,0.02358,0.14518,0.12331,1/4/19,18.8892,18.8892
1/7/19,2549.69,0.02353,0.14518,0.12331,1/7/19,18.8932,18.8932
1/8/19,2574.41,0.024,0.14518,0.12331,1/8/19,18.9021,18.9021
1/9/19,2584.96,0.0239,0.13565,0.11308,1/9/19,18.8907,18.8907
1/10/19,2596.64,0.02375,0.13565,0.11308,1/10/19,18.907,18.907
1/11/19,2596.26,0.0237,0.13565,0.11308,1/11/19,18.9072,18.9072
1/14/19,2582.61,0.0236,0.13565,0.11308,1/14/19,18.9263,18.9263
1/15/19,2610.30,0.02383,0.13565,0.11308,1/15/19,18.9112,18.9112
1/16/19,2616.10,0.02363,0.11825,0.08829,1/16/19,18.9066,18.9066
1/17/19,2635.96,0.02355,0.11825,0.08829,1/17/19,18.9233,18.9233
1/18/19,2670.71,0.02348,0.11825,0.08829,1/18/19,18.8881,18.8881
1/22/19,2632.90,0.02345,0.11825,0.08829,1/22/19,18.8744,18.8744
1/23/19,2638.70,0.02353,0.12229,0.09312,1/23/19,18.8193,18.8193
1/24/19,2642.33,0.02305,0.12229,0.09312,1/24/19,18.755,18.755
1/25/19,2664.76,0.02328,0.12229,0.09312,1/25/19,18.6906,18.6906
1/28/19,2643.85,0.02333,0.12229,0.09312,1/28/19,18.6377,18.6377
1/29/19,2640.00,0.02365,0.12229,0.09312,1/29/19,18.5902,18.5902
1/30/19,2681.05,0.02365,0.11251,0.07743,1/30/19,18.5069,18.5069
1/31/19,2704.10,0.0234,0.11251,0.07743,1/31/19,18.3892,18.3892
2/1/19,2706.53,0.0234,0.11251,0.07743,2/1/19,18.2667,18.2667
2/4/19,2724.87,0.02335,0.11251,0.07743,2/4/19,18.1249,18.1249
2/5/19,2737.70,0.02365,0.11251,0.07743,2/5/19,17.9643,17.9643
2/6/19,2731.61,0.02365,0.10226,0.06827,2/6/19,17.7974,17.7974
2/7/19,2706.05,0.02355,0.10226,0.06827,2/7/19,17.6093,17.6093
2/8/19,2707.88,0.02365,0.10226,0.06827,2/8/19,17.4746,17.4746
2/11/19,2709.80,0.02375,0.10226,0.06827,2/11/19,17.3387,17.3387
2/12/19,2744.73,0.02378,0.10226,0.06827,2/12/19,17.1894,17.1894
2/13/19,2753.03,0.02373,0.11082,0.06072,2/13/19,17.0547,17.0547
2/14/19,2745.73,0.02373,0.11082,0.06072,2/14/19,16.9453,16.9453
2/15/19,2775.60,0.0237,0.11082,0.06072,2/15/19,16.7942,16.7942
2/19/19,2779.76,0.02373,0.11082,0.06072,2/19/19,16.6682,16.6682
2/20/19,2784.70,0.02383,0.10522,0.05445,2/20/19,16.5411,16.5411
2/21/19,2774.88,0.02395,0.10522,0.05445,2/21/19,16.4232,16.4232
2/22/19,2792.67,0.02393,0.10522,0.05445,2/22/19,16.3108,16.3108
2/25/19,2796.11,0.02393,0.10522,0.05445,2/25/19,16.1985,16.1985
2/26/19,2793.90,0.024,0.10522,0.05445,2/26/19,16.1036,16.1036
2/27/19,2792.38,0.02393,0.10276,0.05864,2/27/19,16.0045,16.0045
2/28/19,2784.49,0.02383,0.10276,0.05864,2/28/19,15.9305,15.9305
3/1/19,2803.69,0.02378,0.10276,0.05864,3/1/19,15.8517,15.8517
3/4/19,2792.81,0.02375,0.10276,0.05864,3/4/19,15.7783,15.7783
3/5/19,2789.65,0.024,0.10276,0.05864,3/5/19,15.7157,15.7157
3/6/19,2771.45,0.02405,0.10653,0.05401,3/6/19,15.6419,15.6419
3/7/19,2748.93,0.02395,0.10653,0.05401,3/7/19,15.5925,15.5925
3/8/19,2743.07,0.02393,0.10653,0.05401,3/8/19,15.5536,15.5536
3/11/19,2783.30,0.0238,0.10653,0.05401,3/11/19,15.4955,15.4955
3/12/19,2791.52,0.02395,0.10653,0.05401,3/12/19,15.4212,15.4212
3/13/19,2810.92,0.02388,0.10304,0.04286,3/13/19,15.3383,15.3383
3/14/19,2808.48,0.02388,0.10304,0.04286,3/14/19,15.2734,15.2734
3/15/19,2822.48,0.02388,0.10304,0.04286,3/15/19,15.2152,15.2152
3/18/19,2832.94,0.02385,0.10304,0.04286,3/18/19,15.1662,15.1662
3/19/19,2832.57,0.02405,0.10304,0.04286,3/19/19,15.1302,15.1302
3/20/19,2824.23,0.02408,0.09969,0.0527,3/20/19,15.1026,15.1026
3/21/19,2854.88,0.02408,0.09969,0.0527,3/21/19,15.0712,15.0712
3/22/19,2800.71,0.02398,0.09969,0.0527,3/22/19,15.0568,15.0568
3/25/19,2798.36,0.0239,0.09969,0.0527,3/25/19,15.0448,15.0448
3/26/19,2818.46,0.02405,0.09969,0.0527,3/26/19,15.0244,15.0244
3/27/19,2805.37,0.02378,0.10828,0.05855,3/27/19,15.0275,15.0275
3/28/19,2815.44,0.0237,0.10828,0.05855,3/28/19,15.0271,15.0271
3/29/19,2834.40,0.02328,0.10828,0.05855,3/29/19,15.0025,15.0025
4/1/19,2867.19,0.02323,0.10828,0.05855,4/1/19,14.9784,14.9784
4/2/19,2867.24,0.0237,0.10828,0.05855,4/2/19,14.9553,14.9553
4/3/19,2873.40,0.02373,0.0945,0.05126,4/3/19,14.947,14.947
4/4/19,2879.39,0.0237,0.0945,0.05126,4/4/19,14.9335,14.9335
4/5/19,2892.74,0.0237,0.0945,0.05126,4/5/19,14.9195,14.9195
4/8/19,2895.77,0.02365,0.0945,0.05126,4/8/19,14.9057,14.9057
4/9/19,2878.20,0.02365,0.0945,0.05126,4/9/19,14.8975,14.8975
4/10/19,2888.21,0.02363,0.09181,0.0466,4/10/19,14.8856,14.8856
4/11/19,2888.32,0.02365,0.09181,0.0466,4/11/19,14.8724,14.8724
4/12/19,2907.41,0.02375,0.09181,0.0466,4/12/19,14.8617,14.8617
4/15/19,2905.58,0.0236,0.09181,0.0466,4/15/19,14.8462,14.8462
4/16/19,2907.06,0.02378,0.09181,0.0466,4/16/19,14.8314,14.8314
4/17/19,2900.45,0.0238,0.08956,0.04158,4/17/19,14.8065,14.8065
4/18/19,2905.03,0.02365,0.08956,0.04158,4/18/19,14.7617,14.7617
4/22/19,2907.97,0.02375,0.08956,0.04158,4/22/19,14.7142,14.7142
4/23/19,2933.68,0.0239,0.08956,0.04158,4/23/19,14.6812,14.6812
4/24/19,2927.25,0.02375,0.10033,0.03755,4/24/19,14.6608,14.6608
4/25/19,2926.17,0.02365,0.10033,0.03755,4/25/19,14.6514,14.6514
4/26/19,2939.88,0.0236,0.10033,0.03755,4/26/19,14.6344,14.6344
4/29/19,2943.03,0.0236,0.10033,0.03755,4/29/19,14.6206,14.6206
4/30/19,2945.83,0.02368,0.10033,0.03755,4/30/19,14.6101,14.6101
5/1/19,2923.73,0.02363,0.09265,0.04472,5/1/19,14.6115,14.6115
5/2/19,2917.52,0.02373,0.09265,0.04472,5/2/19,14.6109,14.6109
5/3/19,2945.64,0.02368,0.09265,0.04472,5/3/19,14.6027,14.6027
5/6/19,2932.47,0.02363,0.09265,0.04472,5/6/19,14.5793,14.5793
5/7/19,2884.05,0.02368,0.09265,0.04472,5/7/19,14.5965,14.5965
5/8/19,2879.42,0.0237,0.10159,0.06069,5/8/19,14.6137,14.6137
5/9/19,2870.72,0.0237,0.10159,0.06069,5/9/19,14.6186,14.6186
5/10/19,2881.40,0.0237,0.10159,0.06069,5/10/19,14.6095,14.6095
5/13/19,2811.87,0.0235,0.10159,0.06069,5/13/19,14.6492,14.6492
5/14/19,2834.41,0.02353,0.10159,0.06069,5/14/19,14.6853,14.6853
5/15/19,2850.96,0.0235,0.1124,0.0566,5/15/19,14.7147,14.7147
5/16/19,2876.32,0.02338,0.1124,0.0566,5/16/19,14.726,14.726
5/17/19,2859.53,0.0233,0.1124,0.0566,5/17/19,14.748,14.748
5/20/19,2840.23,0.0232,0.1124,0.0566,5/20/19,14.7901,14.7901
5/21/19,2864.36,0.0233,0.1124,0.0566,5/21/19,14.8099,14.8099
5/22/19,2856.27,0.0232,0.10752,0.05476,5/22/19,14.8213,14.8213
5/23/19,2822.24,0.02303,0.10752,0.05476,5/23/19,14.8636,14.8636
5/24/19,2826.06,0.02288,0.10752,0.05476,5/24/19,14.9017,14.9017
5/28/19,2802.39,0.02298,0.10752,0.05476,5/28/19,14.9568,14.9568
5/29/19,2783.02,0.02298,0.11964,0.06742,5/29/19,15.0223,15.0223
5/30/19,2788.86,0.0231,0.11964,0.06742,5/30/19,15.0845,15.0845
5/31/19,2752.06,0.02293,0.11964,0.06742,5/31/19,15.1584,15.1584
6/3/19,2744.45,0.0228,0.11964,0.06742,6/3/19,15.2419,15.2419
6/4/19,2803.27,0.02295,0.11964,0.06742,6/4/19,15.2899,15.2899
6/5/19,2826.15,0.02285,0.11579,0.06038,6/5/19,15.3352,15.3352
6/6/19,2843.49,0.02255,0.11579,0.06038,6/6/19,15.3693,15.3693
6/7/19,2873.34,0.02215,0.11579,0.06038,6/7/19,15.397,15.397
6/10/19,2886.73,0.0222,0.11579,0.06038,6/10/19,15.4293,15.4293
6/11/19,2885.72,0.02213,0.11579,0.06038,6/11/19,15.4654,15.4654
6/12/19,2879.84,0.02165,0.11102,0.05633,6/12/19,15.4969,15.4969
6/13/19,2891.64,0.0214,0.11102,0.05633,6/13/19,15.5098,15.5098
6/14/19,2886.98,0.02125,0.11102,0.05633,6/14/19,15.5178,15.5178
6/17/19,2889.67,0.02138,0.11102,0.05633,6/17/19,15.5402,15.5402
6/18/19,2917.75,0.02168,0.11102,0.05633,6/18/19,15.545,15.545
6/19/19,2926.46,0.02125,0.10553,0.05123,6/19/19,15.4993,15.4993
6/20/19,2954.18,0.02078,0.10553,0.05123,6/20/19,15.4604,15.4604
6/21/19,2950.46,0.02055,0.10553,0.05123,6/21/19,15.436,15.436
6/24/19,2945.35,0.02058,0.10553,0.05123,6/24/19,15.4333,15.4333
6/25/19,2917.38,0.02083,0.10553,0.05123,6/25/19,15.405,15.405
6/26/19,2913.78,0.02093,0.10586,0.05718,6/26/19,15.3925,15.3925
6/27/19,2924.92,0.02085,0.10586,0.05718,6/27/19,15.3897,15.3897
6/28/19,2941.76,0.02035,0.10586,0.05718,6/28/19,15.3833,15.3833
7/1/19,2964.33,0.02065,0.10586,0.05718,7/1/19,15.358,15.358
7/2/19,2973.01,0.02148,0.10586,0.05718,7/2/19,15.3123,15.3123
7/3/19,2995.82,0.0215,0.09307,0.04009,7/3/19,15.2805,15.2805
7/5/19,2990.41,0.02163,0.09307,0.04009,7/5/19,15.2485,15.2485
7/8/19,2975.95,0.02178,0.09307,0.04009,7/8/19,15.2067,15.2067
7/9/19,2979.63,0.02195,0.09307,0.04009,7/9/19,15.1665,15.1665
7/10/19,2993.07,0.0213,0.09298,0.04128,7/10/19,15.1136,15.1136
7/11/19,2999.91,0.02098,0.09298,0.04128,7/11/19,15.0443,15.0443
7/12/19,3013.77,0.0209,0.09298,0.04128,7/12/19,14.9766,14.9766
7/15/19,3014.30,0.02085,0.09298,0.04128,7/15/19,14.9003,14.9003
7/16/19,3004.04,0.02103,0.09298,0.04128,7/16/19,14.8222,14.8222
7/17/19,2984.42,0.02073,0.09594,0.04342,7/17/19,14.789,14.789
7/18/19,2995.11,0.02013,0.09594,0.04342,7/18/19,14.7648,14.7648
7/19/19,2976.61,0.02013,0.09594,0.04342,7/19/19,14.7549,14.7549
7/22/19,2985.03,0.02025,0.09594,0.04342,7/22/19,14.7432,14.7432
7/23/19,3005.47,0.02033,0.09594,0.04342,7/23/19,14.7202,14.7202
7/24/19,3019.56,0.0204,0.10501,0.03771,7/24/19,14.6871,14.6871
7/25/19,3003.67,0.0206,0.10501,0.03771,7/25/19,14.663,14.663
7/26/19,3025.86,0.02063,0.10501,0.03771,7/26/19,14.6326,14.6326
7/29/19,3020.97,0.0205,0.10501,0.03771,7/29/19,14.6093,14.6093
7/30/19,3013.18,0.0204,0.10501,0.03771,7/30/19,14.5943,14.5943
7/31/19,2980.38,0.0203,0.10608,0.04669,7/31/19,14.6042,14.6042
8/1/19,2953.56,0.0203,0.10608,0.04669,8/1/19,14.6402,14.6402
8/2/19,2932.05,0.02,0.10608,0.04669,8/2/19,14.6807,14.6807
8/5/19,2844.74,0.01953,0.10608,0.04669,8/5/19,14.7535,14.7535
8/6/19,2881.77,0.01995,0.10608,0.04669,8/6/19,14.8007,14.8007
8/7/19,2883.98,0.01968,0.12593,0.06014,8/7/19,14.8375,14.8375
8/8/19,2938.09,0.0197,0.12593,0.06014,8/8/19,14.8471,14.8471
8/9/19,2918.65,0.0195,0.12593,0.06014,8/9/19,14.8712,14.8712
8/12/19,2882.70,0.01928,0.12593,0.06014,8/12/19,14.939,14.939
8/13/19,2926.32,0.01955,0.12593,0.06014,8/13/19,14.9905,14.9905
8/14/19,2840.60,0.01908,0.14032,0.07888,8/14/19,15.0978,15.0978
8/15/19,2847.60,0.01843,0.14032,0.07888,8/15/19,15.2136,15.2136
8/16/19,2888.68,0.01823,0.14032,0.07888,8/16/19,15.3074,15.3074
8/19/19,2923.65,0.01853,0.14032,0.07888,8/19/19,15.3688,15.3688
8/20/19,2900.51,0.019,0.14032,0.07888,8/20/19,15.4455,15.4455
8/21/19,2924.43,0.01928,0.12925,0.05889,8/21/19,15.5099,15.5099
8/22/19,2922.95,0.01938,0.12925,0.05889,8/22/19,15.5832,15.5832
8/23/19,2847.11,0.0191,0.12925,0.05889,8/23/19,15.7103,15.7103
8/26/19,2878.38,0.01933,0.12925,0.05889,8/26/19,15.8129,15.8129
8/27/19,2869.16,0.01943,0.12925,0.05889,8/27/19,15.9217,15.9217
8/28/19,2887.94,0.0194,0.14231,0.0781,8/28/19,16.0111,16.0111
8/29/19,2924.58,0.0194,0.14231,0.0781,8/29/19,16.0794,16.0794
8/30/19,2926.46,0.01933,0.14231,0.0781,8/30/19,16.1469,16.1469
9/3/19,2906.27,0.0191,0.14231,0.0781,9/3/19,16.2316,16.2316
9/4/19,2937.78,0.01905,0.1367,0.07079,9/4/19,16.3095,16.3095
9/5/19,2976.00,0.0192,0.1367,0.07079,9/5/19,16.3741,16.3741
9/6/19,2978.71,0.0191,0.1367,0.07079,9/6/19,16.4262,16.4262
9/9/19,2978.43,0.01908,0.1367,0.07079,9/9/19,16.4873,16.4873
9/10/19,2979.39,0.01913,0.1367,0.07079,9/10/19,16.5462,16.5462
9/11/19,3000.93,0.01913,0.12498,0.05433,9/11/19,16.5891,16.5891
9/12/19,3009.57,0.01895,0.12498,0.05433,9/12/19,16.6076,16.6076
9/13/19,3007.39,0.019,0.12498,0.05433,9/13/19,16.6133,16.6133
9/16/19,2997.96,0.01945,0.12498,0.05433,9/16/19,16.6263,16.6263
9/17/19,3005.70,0.01938,0.12498,0.05433,9/17/19,16.5972,16.5972
9/18/19,3006.73,0.0188,0.12571,0.06496,9/18/19,16.5906,16.5906
9/19/19,3006.79,0.01883,0.12571,0.06496,9/19/19,16.5792,16.5792
9/20/19,2992.07,0.0185,0.12571,0.06496,9/20/19,16.6204,16.6204
9/23/19,2991.78,0.01845,0.12571,0.06496,9/23/19,16.6443,16.6443
9/24/19,2966.60,0.0188,0.12571,0.06496,9/24/19,16.6598,16.6598
9/25/19,2984.87,0.01845,0.12961,0.0682,9/25/19,16.6894,16.6894
9/26/19,2977.62,0.0177,0.12961,0.0682,9/26/19,16.6729,16.6729
9/27/19,2961.79,0.0173,0.12961,0.0682,9/27/19,16.6656,16.6656
9/30/19,2976.74,0.0177,0.12961,0.0682,9/30/19,16.6765,16.6765
10/1/19,2940.25,0.01753,0.12961,0.0682,10/1/19,16.7186,16.7186
10/2/19,2887.61,0.01735,0.14367,0.08744,10/2/19,16.7795,16.7795
10/3/19,2910.63,0.01665,0.14367,0.08744,10/3/19,16.8407,16.8407
10/4/19,2952.01,0.01655,0.14367,0.08744,10/4/19,16.8684,16.8684
10/7/19,2938.79,0.01673,0.14367,0.08744,10/7/19,16.8516,16.8516
10/8/19,2893.06,0.01655,0.14367,0.08744,10/8/19,16.8795,16.8795
10/9/19,2919.40,0.01628,0.14275,0.07891,10/9/19,16.8795,16.8795
10/10/19,2938.13,0.01633,0.14275,0.07891,10/10/19,16.8761,16.8761
10/11/19,2970.27,0.01623,0.14275,0.07891,10/11/19,16.8725,16.8725
10/14/19,2966.15,0.01618,0.14275,0.07891,10/14/19,16.8598,16.8598
10/15/19,2995.68,0.01618,0.14275,0.07891,10/15/19,16.8201,16.8201
10/16/19,2989.69,0.01615,0.11661,0.05826,10/16/19,16.799,16.799
10/17/19,2997.95,0.01625,0.11661,0.05826,10/17/19,16.7942,16.7942
10/18/19,2986.20,0.01625,0.11661,0.05826,10/18/19,16.81,16.81
10/21/19,3006.72,0.01625,0.11661,0.05826,10/21/19,16.815,16.815
10/22/19,2995.99,0.01615,0.11661,0.05826,10/22/19,16.8228,16.8228
10/23/19,3004.52,0.01615,0.11979,0.05897,10/23/19,16.8375,16.8375
10/24/19,3010.29,0.01623,0.11979,0.05897,10/24/19,16.855,16.855
10/25/19,3022.55,0.01625,0.11979,0.05897,10/25/19,16.8606,16.8606
10/28/19,3039.42,0.01605,0.11979,0.05897,10/28/19,16.8565,16.8565
10/29/19,3036.89,0.01595,0.11979,0.05897,10/29/19,16.852,16.852
10/30/19,3046.77,0.01595,0.11417,0.05868,10/30/19,16.841,16.841
10/31/19,3037.56,0.01498,0.11417,0.05868,10/31/19,16.842,16.842
11/1/19,3066.91,0.01485,0.11417,0.05868,11/1/19,16.8097,16.8097
11/4/19,3078.27,0.01503,0.11417,0.05868,11/4/19,16.7852,16.7852
11/5/19,3074.62,0.01518,0.11417,0.05868,11/5/19,16.7472,16.7472
11/6/19,3076.78,0.01515,0.11504,0.0594,11/6/19,16.7231,16.7231
11/7/19,3085.18,0.01518,0.11504,0.0594,11/7/19,16.698,16.698
11/8/19,3093.08,0.0151,0.11504,0.0594,11/8/19,16.6636,16.6636
11/11/19,3087.01,0.01513,0.11504,0.0594,11/11/19,16.6332,16.6332
11/12/19,3091.84,0.01533,0.11504,0.0594,11/12/19,16.5889,16.5889
11/13/19,3094.04,0.01535,0.12868,0.06379,11/13/19,16.5094,16.5094
11/14/19,3096.63,0.01528,0.12868,0.06379,11/14/19,16.45,16.45
11/15/19,3120.46,0.01528,0.12868,0.06379,11/15/19,16.4081,16.4081
11/18/19,3122.03,0.01523,0.12868,0.06379,11/18/19,16.3593,16.3593
11/19/19,3120.18,0.01525,0.12868,0.06379,11/19/19,16.2864,16.2864
11/20/19,3108.46,0.0152,0.12798,0.06073,11/20/19,16.24,16.24
11/21/19,3103.54,0.0153,0.12798,0.06073,11/21/19,16.2112,16.2112
11/22/19,3110.29,0.01543,0.12798,0.06073,11/22/19,16.2028,16.2028
11/25/19,3133.64,0.01545,0.12798,0.06073,11/25/19,16.1778,16.1778
11/26/19,3140.52,0.01565,0.12798,0.06073,11/26/19,16.1593,16.1593
11/27/19,3153.63,0.01565,0.12064,0.05582,11/27/19,16.142,16.142
11/29/19,3140.98,0.0154,0.12064,0.05582,11/29/19,16.1355,16.1355
12/2/19,3113.87,0.01538,0.12064,0.05582,12/2/19,16.1305,16.1305
12/3/19,3093.20,0.01538,0.12064,0.05582,12/3/19,16.1493,16.1493
12/4/19,3112.76,0.01498,0.13053,0.06486,12/4/19,16.1524,16.1524
12/5/19,3117.43,0.01493,0.13053,0.06486,12/5/19,16.153,16.153
12/6/19,3145.91,0.0148,0.13053,0.06486,12/6/19,16.1437,16.1437
12/9/19,3135.96,0.01498,0.13053,0.06486,12/9/19,16.1504,16.1504
12/10/19,3132.52,0.01515,0.13053,0.06486,12/10/19,16.1627,16.1627
12/11/19,3141.63,0.0152,0.12896,0.06244,12/11/19,16.1649,16.1649
12/12/19,3168.57,0.0153,0.12896,0.06244,12/12/19,16.1627,16.1627
12/13/19,3168.80,0.01523,0.12896,0.06244,12/13/19,16.139,16.139
12/16/19,3191.45,0.01525,0.12896,0.06244,12/16/19,16.1144,16.1144
12/17/19,3192.52,0.0153,0.12896,0.06244,12/17/19,16.0906,16.0906
12/18/19,3191.14,0.01518,0.11396,0.05231,12/18/19,16.0609,16.0609
12/19/19,3205.37,0.01533,0.11396,0.05231,12/19/19,16.0289,16.0289
12/20/19,3221.22,0.01528,0.11396,0.05231,12/20/19,16.0064,16.0064
12/23/19,3224.01,0.0152,0.11396,0.05231,12/23/19,15.9792,15.9792
12/24/19,3223.38,0.01538,0.11396,0.05231,12/24/19,15.9507,15.9507
12/26/19,3239.91,0.01535,0.11245,0.05028,12/26/19,15.9225,15.9225
12/27/19,3240.02,0.01518,0.11245,0.05028,12/27/19,15.8946,15.8946
12/30/19,3221.29,0.0149,0.11245,0.05028,12/30/19,15.8806,15.8806
12/31/19,3230.78,0.01505,0.11245,0.05028,12/31/19,15.8717,15.8717
1/2/20,3257.85,0.01495,0.11169,0.04794,1/2/20,15.8436,15.8436
1/3/20,3234.85,0.01473,0.11169,0.04794,1/3/20,15.8287,15.8287
1/6/20,3246.28,0.01488,0.11169,0.04794,1/6/20,15.7976,15.7976
1/7/20,3237.18,0.015,0.11169,0.04794,1/7/20,15.7616,15.7616
1/8/20,3253.05,0.01493,0.10926,0.04467,1/8/20,15.7178,15.7178
1/9/20,3274.70,0.015,0.10926,0.04467,1/9/20,15.6814,15.6814
1/10/20,3265.35,0.01498,0.10926,0.04467,1/10/20,15.6529,15.6529
1/13/20,3288.13,0.0151,0.10926,0.04467,1/13/20,15.618,15.618
1/14/20,3283.15,0.0153,0.10926,0.04467,1/14/20,15.5728,15.5728
1/15/20,3289.29,0.01508,0.1046,0.03888,1/15/20,15.5072,15.5072
1/16/20,3316.81,0.01518,0.1046,0.03888,1/16/20,15.4238,15.4238
1/17/20,3329.62,0.01523,0.1046,0.03888,1/17/20,15.3496,15.3496
1/21/20,3320.79,0.01503,0.1046,0.03888,1/21/20,15.287,15.287
1/22/20,3321.75,0.01513,0.1045,0.03776,1/22/20,15.2407,15.2407
1/23/20,3325.54,0.01515,0.1045,0.03776,1/23/20,15.1863,15.1863
1/24/20,3295.47,0.0149,0.1045,0.03776,1/24/20,15.1408,15.1408
1/27/20,3243.63,0.01505,0.1045,0.03776,1/27/20,15.1281,15.1281
1/28/20,3276.24,0.0153,0.1045,0.03776,1/28/20,15.116,15.116
1/29/20,3273.40,0.0152,0.11171,0.05088,1/29/20,15.1105,15.1105
1/30/20,3283.66,0.01528,0.11171,0.05088,1/30/20,15.1096,15.1096
1/31/20,3225.52,0.0151,0.11171,0.05088,1/31/20,15.134,15.134
2/3/20,3248.92,0.01518,0.11171,0.05088,2/3/20,15.147,15.147
2/4/20,3297.59,0.01538,0.11171,0.05088,2/4/20,15.1371,15.1371
2/5/20,3334.69,0.0152,0.10161,0.04131,2/5/20,15.1084,15.1084
2/6/20,3345.78,0.0153,0.10161,0.04131,2/6/20,15.0783,15.0783
2/7/20,3327.71,0.01518,0.10161,0.04131,2/7/20,15.06,15.06
2/10/20,3352.09,0.0152,0.10161,0.04131,2/10/20,15.0389,15.0389
2/11/20,3357.75,0.01538,0.10161,0.04131,2/11/20,15.0175,15.0175
2/12/20,3379.45,0.01535,0.11077,0.03991,2/12/20,14.9719,14.9719
2/13/20,3373.94,0.01545,0.11077,0.03991,2/13/20,14.932,14.932
2/14/20,3380.16,0.01535,0.11077,0.03991,2/14/20,14.91,14.91
2/18/20,3370.29,0.01535,0.11077,0.03991,2/18/20,14.8773,14.8773
2/19/20,3386.15,0.01543,0.10656,0.04162,2/19/20,14.8471,14.8471
2/20/20,3373.23,0.01538,0.10656,0.04162,2/20/20,14.8259,14.8259
2/21/20,3337.75,0.01518,0.10656,0.04162,2/21/20,14.8333,14.8333
2/24/20,3225.89,0.01503,0.10656,0.04162,2/24/20,14.9049,14.9049
2/25/20,3128.21,0.0149,0.10656,0.04162,2/25/20,15.0176,15.0176
2/26/20,3116.39,0.01478,0.14477,0.0869,2/26/20,15.1286,15.1286
2/27/20,2978.76,0.01395,0.14477,0.0869,2/27/20,15.328,15.328
2/28/20,2954.22,0.0123,0.14477,0.0869,2/28/20,15.5229,15.5229
3/2/20,3090.23,0.01135,0.14477,0.0869,3/2/20,15.6927,15.6927
3/3/20,3003.37,0.00918,0.14477,0.0869,3/3/20,15.8973,15.8973
3/4/20,3130.12,0.00675,0.14477,0.0869,3/4/20,16.0456,16.0456
3/5/20,3023.94,0.00595,0.16138,0.07667,3/5/20,16.2857,16.2857
3/6/20,2972.37,0.00415,0.16138,0.07667,3/6/20,16.5942,16.5942
3/9/20,2746.56,0.0033,0.16138,0.07667,3/9/20,17.0148,17.0148
3/10/20,2882.23,0.0039,0.16138,0.07667,3/10/20,17.3443,17.3443
3/11/20,2741.38,0.00368,0.22701,0.19566,3/11/20,17.7687,17.7687
3/12/20,2480.64,0.00273,0.22701,0.19566,3/12/20,18.4048,18.4048
3/13/20,2711.02,0.00243,0.22701,0.19566,3/13/20,18.8693,18.8693
3/16/20,2386.13,0.00185,0.22701,0.19566,3/16/20,19.6636,19.6636
3/17/20,2529.19,0.00165,0.22701,0.19566,3/17/20,20.3417,20.3417
3/18/20,2398.10,3.00E-05,0.24066,0.33483,3/18/20,21.1802,21.1802
3/19/20,2409.39,-0.00028,0.24066,0.33483,3/19/20,21.9507,21.9507
3/20/20,2304.92,-0.00033,0.24066,0.33483,3/20/20,22.6411,22.6411
3/23/20,2237.40,-0.0004,0.24066,0.33483,3/23/20,23.1811,23.1811
3/24/20,2447.33,-0.00033,0.24066,0.33483,3/24/20,23.6145,23.6145
3/25/20,2475.56,-0.0007,0.21626,0.20173,3/25/20,24.1009,24.1009
3/26/20,2630.07,-0.00105,0.21626,0.20173,3/26/20,24.5513,24.5513
3/27/20,2541.47,-0.00058,0.21626,0.20173,3/27/20,25.0791,25.0791
3/30/20,2626.65,0.00013,0.21626,0.20173,3/30/20,25.5771,25.5771
3/31/20,2584.59,0.0003,0.21626,0.20173,3/31/20,26.0749,26.0749
4/1/20,2470.50,0.00063,0.25235,0.26292,4/1/20,26.6806,26.6806
4/2/20,2526.90,0.00065,0.25235,0.26292,4/2/20,27.2333,27.2333
4/3/20,2488.65,0.00058,0.25235,0.26292,4/3/20,27.7364,27.7364
4/6/20,2663.68,0.0006,0.25235,0.26292,4/6/20,28.1172,28.1172
4/7/20,2659.41,0.00128,0.25235,0.26292,4/7/20,28.4741,28.4741
4/8/20,2749.98,0.00185,0.22499,0.21209,4/8/20,28.8076,28.8076
4/9/20,2789.82,0.0021,0.22499,0.21209,4/9/20,29.0371,29.0371
4/13/20,2761.63,0.002,0.22499,0.21209,4/13/20,29.2852,29.2852
4/14/20,2846.06,0.00165,0.22499,0.21209,4/14/20,29.5318,29.5318
4/15/20,2783.36,0.00115,0.22715,0.2162,4/15/20,29.7915,29.7915
4/16/20,2799.55,0.0011,0.22715,0.2162,4/16/20,30.1038,30.1038
4/17/20,2874.56,0.00103,0.22715,0.2162,4/17/20,30.2931,30.2931
4/20/20,2823.16,0.0007,0.22715,0.2162,4/20/20,30.4594,30.4594
4/21/20,2736.56,0.00098,0.22715,0.2162,4/21/20,30.5634,30.5634
4/22/20,2799.31,0.00093,0.23643,0.2491,4/22/20,30.7038,30.7038
4/23/20,2797.80,0.00093,0.23643,0.2491,4/23/20,30.7662,30.7662
4/24/20,2836.74,0.001,0.23643,0.2491,4/24/20,30.5788,30.5788
4/27/20,2878.48,0.00093,0.23643,0.2491,4/27/20,30.5134,30.5134
4/28/20,2863.39,0.00085,0.23643,0.2491,4/28/20,30.0875,30.0875
4/29/20,2939.51,0.0009,0.20561,0.19888,4/29/20,29.7427,29.7427
4/30/20,2912.43,0.0009,0.20561,0.19888,4/30/20,29.293,29.293
5/1/20,2830.71,0.00093,0.20561,0.19888,5/1/20,28.9739,28.9739
5/4/20,2842.74,0.0009,0.20561,0.19888,5/4/20,28.7222,28.7222
5/5/20,2868.44,0.0011,0.20561,0.19888,5/5/20,28.6011,28.6011
5/6/20,2848.42,0.00108,0.22119,0.23686,5/6/20,28.5958,28.5958
5/7/20,2881.19,0.00095,0.22119,0.23686,5/7/20,28.5162,28.5162
5/8/20,2929.80,0.00095,0.22119,0.23686,5/8/20,28.4321,28.4321
5/11/20,2930.19,0.00105,0.22119,0.23686,5/11/20,28.2471,28.2471
5/12/20,2870.12,0.00123,0.22119,0.23686,5/12/20,28.1354,28.1354
5/13/20,2820.00,0.00115,0.22119,0.23686,5/13/20,28.0607,28.0607
5/14/20,2852.50,0.00105,0.22119,0.23686,5/14/20,27.8686,27.8686
5/15/20,2863.70,0.00103,0.22119,0.23686,5/15/20,27.7108,27.7108
5/18/20,2953.91,0.00105,0.22119,0.23686,5/18/20,27.5165,27.5165
5/19/20,2922.94,0.00118,0.22119,0.23686,5/19/20,27.4079,27.4079
5/20/20,2971.61,0.00118,0.2283,0.19997,5/20/20,27.2545,27.2545
5/21/20,2948.51,0.0011,0.2283,0.19997,5/21/20,27.1492,27.1492
5/22/20,2955.45,0.0011,0.2283,0.19997,5/22/20,27.0607,27.0607
5/26/20,2991.77,0.00118,0.2283,0.19997,5/26/20,26.9349,26.9349
5/27/20,3036.13,0.00135,0.18986,0.14434,5/27/20,26.8191,26.8191
5/28/20,3029.73,0.00138,0.18986,0.14434,5/28/20,26.6754,26.6754
5/29/20,3044.31,0.00128,0.18986,0.14434,5/29/20,26.5182,26.5182
6/1/20,3055.73,0.00128,0.18986,0.14434,6/1/20,26.3769,26.3769
6/2/20,3080.82,0.00145,0.18986,0.14434,6/2/20,26.1789,26.1789
6/3/20,3122.87,0.00148,0.18257,0.1338,6/3/20,25.9053,25.9053
6/4/20,3112.35,0.0014,0.18257,0.1338,6/4/20,25.6648,25.6648
6/5/20,3193.93,0.00145,0.18257,0.1338,6/5/20,25.3738,25.3738
6/8/20,3232.39,0.00153,0.18257,0.1338,6/8/20,25.1256,25.1256
6/9/20,3207.18,0.00165,0.18257,0.1338,6/9/20,24.9638,24.9638
6/10/20,3190.14,0.00165,0.17949,0.12958,6/10/20,24.8019,24.8019
6/11/20,3002.10,0.00153,0.17949,0.12958,6/11/20,24.845,24.845
6/12/20,3041.31,0.0015,0.17949,0.12958,6/12/20,24.8136,24.8136
6/15/20,3066.59,0.00155,0.17949,0.12958,6/15/20,24.7063,24.7063
6/16/20,3124.74,0.0016,0.17949,0.12958,6/16/20,24.6103,24.6103
6/17/20,3113.49,0.00165,0.19224,0.16661,6/17/20,24.533,24.533
6/18/20,3115.34,0.0014,0.19224,0.16661,6/18/20,24.4529,24.4529
6/19/20,3097.74,0.00143,0.19224,0.16661,6/19/20,24.4116,24.4116
6/22/20,3117.86,0.0014,0.19224,0.16661,6/22/20,24.3997,24.3997
6/23/20,3131.29,0.0014,0.19224,0.16661,6/23/20,24.3991,24.3991
6/24/20,3050.33,0.00135,0.20441,0.17881,6/24/20,24.3961,24.3961
6/25/20,3083.76,0.0013,0.20441,0.17881,6/25/20,24.328,24.328
6/26/20,3009.05,0.00133,0.20441,0.17881,6/26/20,24.3031,24.3031
6/29/20,3053.24,0.00125,0.20441,0.17881,6/29/20,24.2579,24.2579
6/30/20,3100.29,0.00135,0.20441,0.17881,6/30/20,24.2473,24.2473
7/1/20,3115.86,0.0013,0.18685,0.14396,7/1/20,24.2036,24.2036
7/2/20,3130.01,0.00133,0.18685,0.14396,7/2/20,24.1726,24.1726
7/6/20,3179.72,0.00128,0.18685,0.14396,7/6/20,24.1114,24.1114
7/7/20,3145.32,0.0014,0.18685,0.14396,7/7/20,24.0786,24.0786
7/8/20,3169.94,0.00135,0.18378,0.14136,7/8/20,24.0556,24.0556
7/9/20,3152.05,0.00123,0.18378,0.14136,7/9/20,24.0686,24.0686
7/10/20,3185.04,0.0012,0.18378,0.14136,7/10/20,24.0498,24.0498
7/13/20,3155.22,0.00125,0.18378,0.14136,7/13/20,24.0826,24.0826
7/14/20,3197.52,0.00133,0.18378,0.14136,7/14/20,24.0943,24.0943
7/15/20,3226.56,0.00125,0.1872,0.14709,7/15/20,24.1066,24.1066
7/16/20,3215.57,0.00103,0.1872,0.14709,7/16/20,24.1228,24.1228
7/17/20,3224.73,0.00105,0.1872,0.14709,7/17/20,24.1269,24.1269
7/20/20,3251.84,0.00105,0.1872,0.14709,7/20/20,24.1492,24.1492
7/21/20,3257.30,0.0011,0.1872,0.14709,7/21/20,24.177,24.177
7/22/20,3276.02,0.001,0.17247,0.12895,7/22/20,24.162,24.162
7/23/20,3235.66,0.00103,0.17247,0.12895,7/23/20,24.1731,24.1731
7/24/20,3215.63,0.00098,0.17247,0.12895,7/24/20,24.0376,24.0376
7/27/20,3239.41,0.00093,0.17247,0.12895,7/27/20,23.9319,23.9319
7/28/20,3218.44,0.00103,0.17247,0.12895,7/28/20,23.8614,23.8614
7/29/20,3258.44,0.0009,0.17378,0.13708,7/29/20,23.7819,23.7819
7/30/20,3246.22,0.00085,0.17378,0.13708,7/30/20,23.7238,23.7238
7/31/20,3271.12,0.00083,0.17378,0.13708,7/31/20,23.638,23.638
8/3/20,3294.61,0.00078,0.17378,0.13708,8/3/20,23.53,23.53
8/4/20,3306.51,0.0009,0.17378,0.13708,8/4/20,23.4293,23.4293
8/5/20,3327.77,0.00095,0.16569,0.13254,8/5/20,23.331,23.331
8/6/20,3349.16,0.00088,0.16569,0.13254,8/6/20,23.1855,23.1855
8/7/20,3351.28,0.00088,0.16569,0.13254,8/7/20,23.0656,23.0656
8/10/20,3360.47,0.00088,0.16569,0.13254,8/10/20,22.9137,22.9137
8/11/20,3333.69,0.001,0.16569,0.13254,8/11/20,22.8127,22.8127
8/12/20,3380.35,0.001,0.17308,0.12361,8/12/20,22.7213,22.7213
8/13/20,3373.43,0.0009,0.17308,0.12361,8/13/20,22.6545,22.6545
8/14/20,3372.85,0.00088,0.17308,0.12361,8/14/20,22.6106,22.6106
8/17/20,3381.99,0.00085,0.17308,0.12361,8/17/20,22.5658,22.5658
8/18/20,3389.78,0.001,0.17308,0.12361,8/18/20,22.4904,22.4904
8/19/20,3374.85,0.00095,0.17424,0.12123,8/19/20,22.4418,22.4418
8/20/20,3385.51,0.00088,0.17424,0.12123,8/20/20,22.3745,22.3745
8/21/20,3397.16,0.00088,0.17424,0.12123,8/21/20,22.3233,22.3233
8/24/20,3431.28,0.00085,0.17424,0.12123,8/24/20,22.2225,22.2225
8/25/20,3443.62,0.00095,0.17424,0.12123,8/25/20,22.1518,22.1518
8/26/20,3478.73,0.00093,0.16703,0.11332,8/26/20,22.0988,22.0988
8/27/20,3484.55,0.00095,0.16703,0.11332,8/27/20,22.0631,22.0631
8/28/20,3508.01,0.00095,0.16703,0.11332,8/28/20,22.0287,22.0287
8/31/20,3500.31,0.00095,0.16703,0.11332,8/31/20,22.0601,22.0601
9/1/20,3526.65,0.001,0.16703,0.11332,9/1/20,22.0809,22.0809
9/2/20,3580.84,0.001,0.17961,0.13487,9/2/20,22.1295,22.1295
9/3/20,3455.06,0.001,0.17961,0.13487,9/3/20,22.1852,22.1852
9/4/20,3426.96,0.00103,0.17961,0.13487,9/4/20,22.2202,22.2202
9/8/20,3331.84,0.00108,0.17961,0.13487,9/8/20,22.276,22.276
9/9/20,3398.96,0.00105,0.1836,0.14561,9/9/20,22.2928,22.2928
9/10/20,3339.19,0.00103,0.1836,0.14561,9/10/20,22.3418,22.3418
9/11/20,3340.97,0.00103,0.1836,0.14561,9/11/20,22.3435,22.3435
9/14/20,3383.54,0.001,0.1836,0.14561,9/14/20,22.3553,22.3553
9/15/20,3401.20,0.001,0.1836,0.14561,9/15/20,22.3675,22.3675
9/16/20,3385.49,0.001,0.1836,0.14561,9/16/20,22.4023,22.4023
9/17/20,3357.01,0.00085,0.18666,0.14292,9/17/20,22.4603,22.4603
9/18/20,3319.47,0.00083,0.18666,0.14292,9/18/20,22.5379,22.5379
9/21/20,3281.06,0.0008,0.18666,0.14292,9/21/20,22.6315,22.6315
9/22/20,3315.57,0.00088,0.18666,0.14292,9/22/20,22.7207,22.7207
9/23/20,3236.92,0.00088,0.19022,0.14571,9/23/20,22.8182,22.8182
9/24/20,3246.59,0.00093,0.19022,0.14571,9/24/20,22.9292,22.9292
9/25/20,3298.46,0.0009,0.19022,0.14571,9/25/20,23.0142,23.0142
9/28/20,3351.60,0.00088,0.19022,0.14571,9/28/20,23.0749,23.0749
9/29/20,3335.47,0.00085,0.19022,0.14571,9/29/20,23.1481,23.1481
9/30/20,3363.00,0.00085,0.18981,0.14801,9/30/20,23.2083,23.2083
10/1/20,3380.80,0.00083,0.18981,0.14801,10/1/20,23.2784,23.2784
10/2/20,3348.42,0.00085,0.18981,0.14801,10/2/20,23.3698,23.3698
10/5/20,3408.60,0.00085,0.18981,0.14801,10/5/20,23.4349,23.4349
10/6/20,3360.97,0.00088,0.18981,0.14801,10/6/20,23.5289,23.5289
10/7/20,3419.44,0.00088,0.19499,0.16394,10/7/20,23.592,23.592
10/8/20,3446.83,0.00088,0.19499,0.16394,10/8/20,23.6331,23.6331
10/9/20,3477.14,0.00093,0.19499,0.16394,10/9/20,23.6467,23.6467
10/12/20,3534.22,0.0009,0.19499,0.16394,10/12/20,23.6495,23.6495
10/13/20,3511.93,0.00093,0.19499,0.16394,10/13/20,23.6164,23.6164
10/14/20,3488.67,0.001,0.17573,0.13959,10/14/20,23.5964,23.5964
10/15/20,3483.34,0.00095,0.17573,0.13959,10/15/20,23.5581,23.5581
10/16/20,3483.81,0.0009,0.17573,0.13959,10/16/20,23.5045,23.5045
10/19/20,3426.92,0.0009,0.17573,0.13959,10/19/20,23.4795,23.4795
10/20/20,3443.12,0.00095,0.17573,0.13959,10/20/20,23.4467,23.4467
10/21/20,3435.56,0.0009,0.1826,0.14681,10/21/20,23.4363,23.4363
10/22/20,3453.49,0.00085,0.1826,0.14681,10/22/20,23.3954,23.3954
10/23/20,3465.39,0.00083,0.1826,0.14681,10/23/20,23.3528,23.3528
10/26/20,3400.97,0.0008,0.1826,0.14681,10/26/20,23.367,23.367
10/27/20,3390.68,0.0009,0.1826,0.14681,10/27/20,23.3884,23.3884
10/28/20,3271.03,0.0009,0.19729,0.18173,10/28/20,23.4635,23.4635
10/29/20,3310.11,0.00083,0.19729,0.18173,10/29/20,23.4922,23.4922
10/30/20,3269.96,0.00083,0.19729,0.18173,10/30/20,23.5204,23.5204
11/2/20,3310.24,0.00083,0.19729,0.18173,11/2/20,23.4985,23.4985
11/3/20,3369.16,0.0009,0.19729,0.18173,11/3/20,23.4718,23.4718
11/4/20,3443.44,0.00083,0.17188,0.14134,11/4/20,23.3606,23.3606
11/5/20,3510.45,0.00085,0.17188,0.14134,11/5/20,23.2526,23.2526
11/6/20,3509.44,0.00083,0.17188,0.14134,11/6/20,23.1525,23.1525
11/9/20,3550.50,0.00088,0.17188,0.14134,11/9/20,23.0484,23.0484
11/10/20,3545.53,0.0009,0.17188,0.14134,11/10/20,22.936,22.936
11/11/20,3572.66,0.0009,0.1707,0.10669,11/11/20,22.8398,22.8398
11/12/20,3537.01,0.00085,0.1707,0.10669,11/12/20,22.7354,22.7354
11/13/20,3585.15,0.00083,0.1707,0.10669,11/13/20,22.601,22.601
11/16/20,3626.91,0.00075,0.1707,0.10669,11/16/20,22.4888,22.4888
11/17/20,3609.53,0.0008,0.1707,0.10669,11/17/20,22.3597,22.3597
11/18/20,3567.79,0.00075,0.16755,0.10869,11/18/20,22.2775,22.2775
11/19/20,3581.87,0.0006,0.16755,0.10869,11/19/20,22.2003,22.2003
11/20/20,3557.54,0.00058,0.16755,0.10869,11/20/20,22.1516,22.1516
11/23/20,3577.59,0.0007,0.16755,0.10869,11/23/20,22.1083,22.1083
11/24/20,3635.41,0.0008,0.16755,0.10869,11/24/20,22.047,22.047
11/25/20,3629.65,0.0008,0.16649,0.10546,11/25/20,21.9788,21.9788
11/27/20,3638.35,0.00073,0.16649,0.10546,11/27/20,21.9081,21.9081
11/30/20,3621.63,0.00075,0.16649,0.10546,11/30/20,21.8214,21.8214
12/1/20,3662.45,0.0008,0.16649,0.10546,12/1/20,21.7251,21.7251
12/2/20,3669.01,0.00075,0.16752,0.10749,12/2/20,21.6282,21.6282
12/3/20,3666.72,0.00075,0.16752,0.10749,12/3/20,21.5302,21.5302
12/4/20,3699.12,0.00075,0.16752,0.10749,12/4/20,21.4319,21.4319
12/7/20,3691.96,0.0007,0.16752,0.10749,12/7/20,21.3648,21.3648
12/8/20,3702.25,0.00068,0.16752,0.10749,12/8/20,21.2448,21.2448
12/9/20,3672.82,0.0007,0.16329,0.10933,12/9/20,21.1381,21.1381
12/10/20,3668.10,0.0007,0.16329,0.10933,12/10/20,20.9705,20.9705
12/11/20,3663.46,0.00065,0.16329,0.10933,12/11/20,20.847,20.847
12/14/20,3647.49,0.0006,0.16329,0.10933,12/14/20,20.7265,20.7265
12/15/20,3694.62,0.0007,0.16329,0.10933,12/15/20,20.6164,20.6164
12/16/20,3701.17,0.00075,0.16609,0.112,12/16/20,20.5137,20.5137
12/17/20,3722.48,0.0008,0.16609,0.112,12/17/20,20.4603,20.4603
12/18/20,3709.41,0.0008,0.16609,0.112,12/18/20,20.4213,20.4213
12/21/20,3694.92,0.00078,0.16609,0.112,12/21/20,20.4124,20.4124
12/22/20,3687.26,0.00078,0.16609,0.112,12/22/20,20.4252,20.4252
12/23/20,3690.01,0.00075,0.16081,0.11728,12/23/20,20.4342,20.4342
12/24/20,3703.06,0.00075,0.16081,0.11728,12/24/20,20.4327,20.4327
12/28/20,3735.36,0.0008,0.16081,0.11728,12/28/20,20.4129,20.4129
12/29/20,3727.04,0.0009,0.16081,0.11728,12/29/20,20.4262,20.4262
12/30/20,3732.04,0.0007,0.16338,0.11732,12/30/20,20.4327,20.4327
12/31/20,3756.07,0.00065,0.16338,0.11732,12/31/20,20.435,20.435
1/4/21,3700.65,0.00068,0.16338,0.11732,1/4/21,20.4551,20.4551
1/5/21,3726.86,0.00078,0.16338,0.11732,1/5/21,20.4726,20.4726
1/6/21,3748.14,0.00078,0.16597,0.12252,1/6/21,20.4758,20.4758
1/7/21,3803.79,0.0008,0.16597,0.12252,1/7/21,20.4629,20.4629
1/8/21,3824.68,0.0008,0.16597,0.12252,1/8/21,20.4614,20.4614
1/11/21,3799.61,0.0008,0.16597,0.12252,1/11/21,20.4917,20.4917
1/12/21,3801.19,0.0008,0.16597,0.12252,1/12/21,20.5139,20.5139
1/13/21,3809.84,0.0008,0.16015,0.11745,1/13/21,20.536,20.536
1/14/21,3795.54,0.00075,0.16015,0.11745,1/14/21,20.5547,20.5547
1/15/21,3768.25,0.00075,0.16015,0.11745,1/15/21,20.5842,20.5842
1/19/21,3798.91,0.00073,0.16015,0.11745,1/19/21,20.6138,20.6138
1/20/21,3851.85,0.00075,0.158,0.11559,1/20/21,20.6439,20.6439
1/21/21,3853.07,0.00073,0.158,0.11559,1/21/21,20.6633,20.6633
1/22/21,3841.47,0.0007,0.158,0.11559,1/22/21,20.7042,20.7042
1/25/21,3855.36,0.0007,0.158,0.11559,1/25/21,20.7391,20.7391
1/26/21,3849.62,0.00068,0.158,0.11559,1/26/21,20.7883,20.7883
1/27/21,3750.77,0.0006,0.18553,0.16506,1/27/21,20.9149,20.9149
1/28/21,3787.38,0.00055,0.18553,0.16506,1/28/21,20.9824,20.9824
1/29/21,3714.24,0.00048,0.18553,0.16506,1/29/21,21.1012,21.1012
2/1/21,3773.86,0.00048,0.18553,0.16506,2/1/21,21.2004,21.2004
2/2/21,3826.31,0.0005,0.18553,0.16506,2/2/21,21.2716,21.2716
2/3/21,3830.17,0.0004,0.16746,0.14213,2/3/21,21.3235,21.3235
2/4/21,3871.74,0.0003,0.16746,0.14213,2/4/21,21.3364,21.3364
2/5/21,3886.83,0.00023,0.16746,0.14213,2/5/21,21.3536,21.3536
2/8/21,3915.59,0.0002,0.16746,0.14213,2/8/21,21.3811,21.3811
2/9/21,3911.23,0.00033,0.16746,0.14213,2/9/21,21.4203,21.4203
2/10/21,3909.88,0.00035,0.17195,0.12067,2/10/21,21.4759,21.4759
2/11/21,3916.38,0.00035,0.17195,0.12067,2/11/21,21.5128,21.5128
2/12/21,3934.83,0.00035,0.17195,0.12067,2/12/21,21.5495,21.5495
2/16/21,3932.59,0.00035,0.17195,0.12067,2/16/21,21.602,21.602
2/17/21,3931.33,0.00035,0.17819,0.13024,2/17/21,21.6197,21.6197
2/18/21,3913.97,0.00023,0.17819,0.13024,2/18/21,21.6547,21.6547
2/19/21,3906.71,0.00023,0.17819,0.13024,2/19/21,21.692,21.692
2/22/21,3876.50,0.00025,0.17819,0.13024,2/22/21,21.7644,21.7644
2/23/21,3881.37,0.00023,0.17819,0.13024,2/23/21,21.8306,21.8306
2/24/21,3925.43,0.00028,0.16962,0.12556,2/24/21,21.8533,21.8533
2/25/21,3829.34,0.00033,0.16962,0.12556,2/25/21,21.9285,21.9285
2/26/21,3811.15,0.00035,0.16962,0.12556,2/26/21,21.9979,21.9979
3/1/21,3901.82,0.00028,0.16962,0.12556,3/1/21,22.0211,22.0211
3/2/21,3870.29,0.00035,0.16962,0.12556,3/2/21,22.0424,22.0424
3/3/21,3819.72,0.00035,0.17317,0.13419,3/3/21,22.0855,22.0855
3/4/21,3768.47,0.00028,0.17317,0.13419,3/4/21,22.1546,22.1546
3/5/21,3841.94,0.00028,0.17317,0.13419,3/5/21,22.1821,22.1821
3/8/21,3821.35,0.00035,0.17317,0.13419,3/8/21,22.2013,22.2013
3/9/21,3875.44,0.00035,0.17317,0.13419,3/9/21,22.2005,22.2005
3/10/21,3898.81,0.0003,0.16299,0.12029,3/10/21,22.1807,22.1807
3/11/21,3939.34,0.00028,0.16299,0.12029,3/11/21,22.0571,22.0571
3/12/21,3943.34,0.00025,0.16299,0.12029,3/12/21,21.9748,21.9748
3/15/21,3968.94,0.00015,0.16299,0.12029,3/15/21,21.8549,21.8549
3/16/21,3962.71,8.00E-05,0.16299,0.12029,3/16/21,21.7693,21.7693
3/17/21,3974.12,8.00E-05,0.15857,0.10954,3/17/21,21.695,21.695
3/18/21,3915.46,3.00E-05,0.15857,0.10954,3/18/21,21.6489,21.6489
3/19/21,3913.10,5.00E-05,0.15857,0.10954,3/19/21,21.6256,21.6256
3/22/21,3940.59,5.00E-05,0.15857,0.10954,3/22/21,21.5692,21.5692
3/23/21,3910.52,0.0001,0.15857,0.10954,3/23/21,21.5147,21.5147
3/24/21,3889.14,0.00015,0.15763,0.11251,3/24/21,21.4679,21.4679
3/25/21,3909.52,0.00015,0.15763,0.11251,3/25/21,21.3943,21.3943
3/26/21,3974.54,0.00015,0.15763,0.11251,3/26/21,21.298,21.298
3/29/21,3971.09,8.00E-05,0.15763,0.11251,3/29/21,21.2126,21.2126
3/30/21,3958.55,0.00013,0.15763,0.11251,3/30/21,21.0972,21.0972
3/31/21,3972.89,0.00013,0.14132,0.09206,3/31/21,20.9802,20.9802
4/1/21,4019.87,8.00E-05,0.14132,0.09206,4/1/21,20.8472,20.8472
4/5/21,4077.91,0.00015,0.14132,0.09206,4/5/21,20.7124,20.7124
4/6/21,4073.94,0.00015,0.14132,0.09206,4/6/21,20.5755,20.5755
4/7/21,4079.95,0.0001,0.13589,0.0826,4/7/21,20.4433,20.4433
4/8/21,4097.17,5.00E-05,0.13589,0.0826,4/8/21,20.3276,20.3276
4/9/21,4128.80,3.00E-05,0.13589,0.0826,4/9/21,20.1659,20.1659
4/12/21,4127.99,0.0001,0.13589,0.0826,4/12/21,20.0173,20.0173
4/13/21,4141.59,0.00015,0.13589,0.0826,4/13/21,19.9052,19.9052
4/14/21,4124.66,0.00015,0.13873,0.0885,4/14/21,19.7885,19.7885
4/15/21,4170.42,0.0001,0.13873,0.0885,4/15/21,19.6469,19.6469
4/16/21,4185.47,8.00E-05,0.13873,0.0885,4/16/21,19.4931,19.4931
4/19/21,4163.26,0.00015,0.13873,0.0885,4/19/21,19.3841,19.3841
4/20/21,4134.94,0.00015,0.13873,0.0885,4/20/21,19.2877,19.2877
4/21/21,4173.42,0.00013,0.136,0.08606,4/21/21,19.1878,19.1878
4/22/21,4134.98,0.00015,0.136,0.08606,4/22/21,19.1047,19.1047
4/23/21,4180.17,0.00015,0.136,0.08606,4/23/21,19.0191,19.0191
4/26/21,4187.62,8.00E-05,0.136,0.08606,4/26/21,18.9366,18.9366
4/27/21,4186.72,0.0001,0.136,0.08606,4/27/21,18.8597,18.8597
4/28/21,4183.18,8.00E-05,0.13351,0.08441,4/28/21,18.7718,18.7718
4/29/21,4211.47,8.00E-05,0.13351,0.08441,4/29/21,18.7083,18.7083
4/30/21,4181.17,3.00E-05,0.13351,0.08441,4/30/21,18.6338,18.6338
5/3/21,4192.66,5.00E-05,0.13351,0.08441,5/3/21,18.5508,18.5508
5/4/21,4164.66,0.0001,0.13351,0.08441,5/4/21,18.5069,18.5069
5/5/21,4167.59,8.00E-05,0.13609,0.09283,5/5/21,18.4596,18.4596
5/6/21,4201.62,8.00E-05,0.13609,0.09283,5/6/21,18.3943,18.3943
5/7/21,4232.60,8.00E-05,0.13609,0.09283,5/7/21,18.3297,18.3297
5/10/21,4188.43,5.00E-05,0.13609,0.09283,5/10/21,18.3078,18.3078
5/11/21,4152.10,0.0001,0.13609,0.09283,5/11/21,18.3031,18.3031
5/12/21,4063.04,0.0001,0.16066,0.10217,5/12/21,18.356,18.356
5/13/21,4112.50,8.00E-05,0.16066,0.10217,5/13/21,18.3828,18.3828
5/14/21,4173.85,5.00E-05,0.16066,0.10217,5/14/21,18.38,18.38
5/17/21,4163.29,5.00E-05,0.16066,0.10217,5/17/21,18.391,18.391
5/18/21,4127.83,0.0001,0.16066,0.10217,5/18/21,18.4228,18.4228
5/19/21,4115.68,5.00E-05,0.16076,0.09879,5/19/21,18.4685,18.4685
5/20/21,4159.12,3.00E-05,0.16076,0.09879,5/20/21,18.4896,18.4896
5/21/21,4155.86,3.00E-05,0.16076,0.09879,5/21/21,18.5173,18.5173
5/24/21,4197.05,3.00E-05,0.16076,0.09879,5/24/21,18.5182,18.5182
5/25/21,4188.13,0.0001,0.16076,0.09879,5/25/21,18.5227,18.5227
5/26/21,4195.99,5.00E-05,0.14356,0.08569,5/26/21,18.5126,18.5126
5/27/21,4200.88,5.00E-05,0.14356,0.08569,5/27/21,18.5066,18.5066
5/28/21,4204.11,8.00E-05,0.14356,0.08569,5/28/21,18.4843,18.4843
6/1/21,4202.04,0.0001,0.14356,0.08569,6/1/21,18.4694,18.4694
6/2/21,4208.12,0.00015,0.13783,0.07972,6/2/21,18.4442,18.4442
6/3/21,4192.85,0.00015,0.13783,0.07972,6/3/21,18.4423,18.4423
6/4/21,4229.89,0.00015,0.13783,0.07972,6/4/21,18.4099,18.4099
6/7/21,4226.52,0.00018,0.13783,0.07972,6/7/21,18.3946,18.3946
6/8/21,4227.26,0.0002,0.13783,0.07972,6/8/21,18.3794,18.3794
6/9/21,4219.55,0.0002,0.13792,0.08174,6/9/21,18.3731,18.3731
6/10/21,4239.18,0.0002,0.13792,0.08174,6/10/21,18.3457,18.3457
6/11/21,4247.44,0.00018,0.13792,0.08174,6/11/21,18.3106,18.3106
6/14/21,4255.15,0.00015,0.13792,0.08174,6/14/21,18.2744,18.2744
6/15/21,4246.59,0.0002,0.13792,0.08174,6/15/21,18.2495,18.2495
6/16/21,4223.70,0.00028,0.13576,0.07791,6/16/21,18.2184,18.2184
6/17/21,4221.86,0.00028,0.13576,0.07791,6/17/21,18.1936,18.1936
6/18/21,4166.45,0.00028,0.13576,0.07791,6/18/21,18.2081,18.2081
6/21/21,4224.79,0.0003,0.13576,0.07791,6/21/21,18.2174,18.2174
6/22/21,4246.44,0.00038,0.13576,0.07791,6/22/21,18.185,18.185
6/23/21,4241.84,0.0004,0.1322,0.07539,6/23/21,18.1304,18.1304
6/24/21,4266.49,0.00043,0.1322,0.07539,6/24/21,18.0219,18.0219
6/25/21,4280.70,0.00043,0.1322,0.07539,6/25/21,17.9445,17.9445
6/28/21,4290.61,0.0004,0.1322,0.07539,6/28/21,17.9113,17.9113
6/29/21,4291.80,0.0004,0.1322,0.07539,6/29/21,17.877,17.877
6/30/21,4297.50,0.0004,0.12906,0.07205,6/30/21,17.8152,17.8152
7/1/21,4319.94,0.0004,0.12906,0.07205,7/1/21,17.7471,17.7471
7/2/21,4352.34,0.00038,0.12906,0.07205,7/2/21,17.6947,17.6947
7/6/21,4343.54,0.0004,0.12906,0.07205,7/6/21,17.644,17.644
7/7/21,4358.13,0.00043,0.12991,0.07586,7/7/21,17.6232,17.6232
7/8/21,4320.82,0.00043,0.12991,0.07586,7/8/21,17.6089,17.6089
7/9/21,4369.55,0.00043,0.12991,0.07586,7/9/21,17.5915,17.5915
7/12/21,4384.63,0.00043,0.12991,0.07586,7/12/21,17.5796,17.5796
7/13/21,4369.21,0.00045,0.12991,0.07586,7/13/21,17.5959,17.5959
7/14/21,4374.30,0.00045,0.13014,0.08261,7/14/21,17.5975,17.5975
7/15/21,4360.03,0.00038,0.13014,0.08261,7/15/21,17.5987,17.5987
7/16/21,4327.16,0.00038,0.13014,0.08261,7/16/21,17.6062,17.6062
7/19/21,4258.49,0.0004,0.13014,0.08261,7/19/21,17.6557,17.6557
7/20/21,4323.06,0.00045,0.13014,0.08261,7/20/21,17.683,17.683
7/21/21,4358.69,0.00045,0.1317,0.08517,7/21/21,17.6962,17.6962
7/22/21,4367.48,0.00043,0.1317,0.08517,7/22/21,17.6991,17.6991
7/23/21,4411.79,0.00045,0.1317,0.08517,7/23/21,17.7155,17.7155
7/26/21,4422.30,0.0004,0.1317,0.08517,7/26/21,17.7433,17.7433
7/27/21,4401.46,0.00045,0.1317,0.08517,7/27/21,17.7766,17.7766
7/28/21,4400.64,0.00045,0.13049,0.08507,7/28/21,17.7968,17.7968
7/29/21,4419.15,0.0004,0.13049,0.08507,7/29/21,17.8035,17.8035
7/30/21,4395.26,0.0004,0.13049,0.08507,7/30/21,17.8146,17.8146
8/2/21,4387.16,0.00038,0.13049,0.08507,8/2/21,17.8049,17.8049
8/3/21,4423.15,0.00045,0.13049,0.08507,8/3/21,17.8019,17.8019
8/4/21,4402.66,0.00045,0.12755,0.0821,8/4/21,17.8273,17.8273
8/5/21,4429.10,0.00043,0.12755,0.0821,8/5/21,17.8434,17.8434
8/6/21,4436.52,0.00043,0.12755,0.0821,8/6/21,17.8631,17.8631
8/9/21,4432.35,0.00045,0.12755,0.0821,8/9/21,17.8919,17.8919
8/10/21,4436.75,0.0005,0.12755,0.0821,8/10/21,17.9195,17.9195
8/11/21,4442.41,0.00045,0.13881,0.06925,8/11/21,17.9353,17.9353
8/12/21,4460.83,0.00043,0.13881,0.06925,8/12/21,17.9481,17.9481
8/13/21,4468.00,0.00045,0.13881,0.06925,8/13/21,17.9587,17.9587
8/16/21,4479.71,0.00058,0.13881,0.06925,8/16/21,17.9768,17.9768
8/17/21,4448.08,0.00063,0.13881,0.06925,8/17/21,18.0051,18.0051
8/18/21,4400.27,0.00055,0.14697,0.08358,8/18/21,18.0534,18.0534
8/19/21,4405.80,0.00043,0.14697,0.08358,8/19/21,18.096,18.096
8/20/21,4441.67,0.00043,0.14697,0.08358,8/20/21,18.131,18.131
8/23/21,4479.53,0.0004,0.14697,0.08358,8/23/21,18.1482,18.1482
8/24/21,4486.23,0.00048,0.14697,0.08358,8/24/21,18.1565,18.1565
8/25/21,4496.19,0.00045,0.13824,0.083,8/25/21,18.162,18.162
8/26/21,4470.00,0.00043,0.13824,0.083,8/26/21,18.1756,18.1756
8/27/21,4509.37,0.00043,0.13824,0.083,8/27/21,18.159,18.159
8/30/21,4528.79,0.00038,0.13824,0.083,8/30/21,18.1149,18.1149
8/31/21,4522.68,0.0004,0.13824,0.083,8/31/21,18.0946,18.0946
9/1/21,4524.09,0.0004,0.13432,0.07893,9/1/21,18.0869,18.0869
9/2/21,4536.95,0.0004,0.13432,0.07893,9/2/21,18.0839,18.0839
9/3/21,4535.43,0.0004,0.13432,0.07893,9/3/21,18.0922,18.0922
9/7/21,4520.03,0.00035,0.13432,0.07893,9/7/21,18.1126,18.1126
9/8/21,4514.07,0.0004,0.14007,0.08793,9/8/21,18.1274,18.1274
9/9/21,4493.28,0.00038,0.14007,0.08793,9/9/21,18.1582,18.1582
9/10/21,4458.58,0.00038,0.14007,0.08793,9/10/21,18.2067,18.2067
9/13/21,4468.73,0.00038,0.14007,0.08793,9/13/21,18.243,18.243
9/14/21,4443.05,0.00035,0.14007,0.08793,9/14/21,18.2715,18.2715
9/15/21,4480.70,0.00035,0.14145,0.09296,9/15/21,18.3076,18.3076
9/16/21,4473.75,0.0003,0.14145,0.09296,9/16/21,18.3384,18.3384
9/17/21,4432.99,0.00028,0.14145,0.09296,9/17/21,18.4063,18.4063
9/20/21,4357.73,0.00025,0.14145,0.09296,9/20/21,18.5173,18.5173
9/21/21,4354.19,0.0002,0.14145,0.09296,9/21/21,18.606,18.606
9/22/21,4395.64,0.00025,0.14965,0.10558,9/22/21,18.6666,18.6666
9/23/21,4448.98,0.00025,0.14965,0.10558,9/23/21,18.7131,18.7131
9/24/21,4455.48,0.00025,0.14965,0.10558,9/24/21,18.7647,18.7647
9/27/21,4443.11,0.00025,0.14965,0.10558,9/27/21,18.8232,18.8232
9/28/21,4352.63,0.0003,0.14965,0.10558,9/28/21,18.9213,18.9213
9/29/21,4359.46,0.0003,0.15303,0.1085,9/29/21,18.9977,18.9977
9/30/21,4307.54,0.00028,0.15303,0.1085,9/30/21,19.0518,19.0518
10/1/21,4357.04,0.00028,0.15303,0.1085,10/1/21,19.0889,19.0889
10/4/21,4300.46,0.00028,0.15303,0.1085,10/4/21,19.1683,19.1683
10/5/21,4345.72,0.00035,0.15303,0.1085,10/5/21,19.2459,19.2459
10/6/21,4363.55,0.0004,0.14928,0.10125,10/6/21,19.3178,19.3178
10/7/21,4399.76,0.0004,0.14928,0.10125,10/7/21,19.3798,19.3798
10/8/21,4391.34,0.0004,0.14928,0.10125,10/8/21,19.4253,19.4253
10/11/21,4361.19,0.0004,0.14928,0.10125,10/11/21,19.4928,19.4928
10/12/21,4350.65,0.0004,0.14928,0.10125,10/12/21,19.5552,19.5552
10/13/21,4363.80,0.00045,0.14603,0.09928,10/13/21,19.6067,19.6067
10/14/21,4438.26,0.0004,0.14603,0.09928,10/14/21,19.6401,19.6401
10/15/21,4471.37,0.00038,0.14603,0.09928,10/15/21,19.6708,19.6708
10/18/21,4486.46,0.00043,0.14603,0.09928,10/18/21,19.7019,19.7019
10/19/21,4519.63,0.0005,0.14603,0.09928,10/19/21,19.7035,19.7035
10/20/21,4536.19,0.0005,0.13216,0.08434,10/20/21,19.6924,19.6924
10/21/21,4549.78,0.0005,0.13216,0.08434,10/21/21,19.6669,19.6669
10/22/21,4544.90,0.0005,0.13216,0.08434,10/22/21,19.6384,19.6384
10/25/21,4566.48,0.0005,0.13216,0.08434,10/25/21,19.6073,19.6073
10/26/21,4574.79,0.0005,0.13216,0.08434,10/26/21,19.5803,19.5803
10/27/21,4551.68,0.0005,0.13316,0.08731,10/27/21,19.5713,19.5713
10/28/21,4596.42,0.00048,0.13316,0.08731,10/28/21,19.5531,19.5531
10/29/21,4605.38,0.00048,0.13316,0.08731,10/29/21,19.5106,19.5106
11/1/21,4613.67,0.0004,0.13316,0.08731,11/1/21,19.4311,19.4311
11/2/21,4630.65,0.00045,0.13316,0.08731,11/2/21,19.3629,19.3629
11/3/21,4660.57,0.00045,0.12899,0.08356,11/3/21,19.3163,19.3163
11/4/21,4680.06,0.00035,0.12899,0.08356,11/4/21,19.2889,19.2889
11/5/21,4697.53,0.0004,0.12899,0.08356,11/5/21,19.2647,19.2647
11/8/21,4701.70,0.00035,0.12899,0.08356,11/8/21,19.2377,19.2377
11/9/21,4685.25,0.0004,0.12899,0.08356,11/9/21,19.1742,19.1742
11/10/21,4646.71,0.00045,0.14973,0.09485,11/10/21,19.1234,19.1234
11/11/21,4649.27,0.0004,0.14973,0.09485,11/11/21,19.0636,19.0636
11/12/21,4682.85,0.00043,0.14973,0.09485,11/12/21,19.0077,19.0077
11/15/21,4682.80,0.00038,0.14973,0.09485,11/15/21,18.933,18.933
11/16/21,4700.90,0.0004,0.14973,0.09485,11/16/21,18.8786,18.8786
11/17/21,4688.67,0.00045,0.14554,0.09446,11/17/21,18.8397,18.8397
11/18/21,4704.54,0.00045,0.14554,0.09446,11/18/21,18.8168,18.8168
11/19/21,4697.96,0.00045,0.14554,0.09446,11/19/21,18.8036,18.8036
11/22/21,4682.94,0.0004,0.14554,0.09446,11/22/21,18.7927,18.7927
11/23/21,4690.70,0.00045,0.14554,0.09446,11/23/21,18.7849,18.7849
11/24/21,4701.46,0.0005,0.1506,0.10239,11/24/21,18.7818,18.7818
11/26/21,4594.62,0.00043,0.1506,0.10239,11/26/21,18.8814,18.8814
11/29/21,4655.27,0.00038,0.1506,0.10239,11/29/21,18.9256,18.9256
11/30/21,4567.00,0.00048,0.1506,0.10239,11/30/21,19.0043,19.0043
12/1/21,4513.04,0.0005,0.16912,0.14821,12/1/21,19.1235,19.1235
12/2/21,4577.10,0.00043,0.16912,0.14821,12/2/21,19.2223,19.2223
12/3/21,4538.43,0.00043,0.16912,0.14821,12/3/21,19.3529,19.3529
12/6/21,4591.67,0.00043,0.16912,0.14821,12/6/21,19.4496,19.4496
12/7/21,4686.75,0.00058,0.16912,0.14821,12/7/21,19.5129,19.5129
12/8/21,4701.21,0.0006,0.14611,0.10725,12/8/21,19.5605,19.5605
12/9/21,4667.45,0.00053,0.14611,0.10725,12/9/21,19.609,19.609
12/10/21,4712.02,0.0005,0.14611,0.10725,12/10/21,19.6459,19.6459
12/13/21,4668.97,0.00043,0.14611,0.10725,12/13/21,19.7042,19.7042
12/14/21,4634.09,0.00048,0.14611,0.10725,12/14/21,19.7777,19.7777
12/15/21,4709.85,0.00045,0.15047,0.10848,12/15/21,19.8257,19.8257
12/16/21,4668.67,0.00035,0.15047,0.10848,12/16/21,19.8937,19.8937
12/17/21,4620.64,0.0003,0.15047,0.10848,12/17/21,19.9923,19.9923
12/20/21,4568.02,0.00038,0.15047,0.10848,12/20/21,20.0982,20.0982
12/21/21,4649.23,0.00065,0.15047,0.10848,12/21/21,20.1682,20.1682
12/22/21,4696.56,0.00065,0.14536,0.10919,12/22/21,20.2136,20.2136
12/23/21,4725.79,0.00058,0.14536,0.10919,12/23/21,20.2456,20.2456
12/27/21,4791.19,0.00043,0.14536,0.10919,12/27/21,20.2717,20.2717
12/28/21,4786.35,0.0005,0.14536,0.10919,12/28/21,20.3057,20.3057
12/29/21,4793.06,0.00045,0.13641,0.1009,12/29/21,20.334,20.334
12/30/21,4778.73,0.00025,0.13641,0.1009,12/30/21,20.3613,20.3613
12/31/21,4766.18,0.00033,0.13641,0.1009,12/31/21,20.3704,20.3704
1/3/22,4796.56,0.00053,0.13641,0.1009,1/3/22,20.3743,20.3743
1/4/22,4793.54,0.0008,0.13641,0.1009,1/4/22,20.3776,20.3776
1/5/22,4700.58,0.00085,0.14007,0.1182,1/5/22,20.398,20.398
1/6/22,4696.05,0.0009,0.14007,0.1182,1/6/22,20.4247,20.4247
1/7/22,4677.03,0.00088,0.14007,0.1182,1/7/22,20.4477,20.4477
1/10/22,4670.29,0.0009,0.14007,0.1182,1/10/22,20.3846,20.3846
1/11/22,4713.07,0.00118,0.14007,0.1182,1/11/22,20.36,20.36
1/12/22,4726.35,0.00115,0.14176,0.10473,1/12/22,20.3014,20.3014
1/13/22,4659.03,0.0011,0.14176,0.10473,1/13/22,20.2385,20.2385
1/14/22,4662.85,0.00118,0.14176,0.10473,1/14/22,20.1939,20.1939
1/18/22,4577.11,0.0013,0.14176,0.10473,1/18/22,20.1499,20.1499
1/19/22,4532.76,0.00165,0.15103,0.13302,1/19/22,20.1368,20.1368
1/20/22,4482.73,0.00168,0.15103,0.13302,1/20/22,20.1868,20.1868
1/21/22,4397.94,0.00158,0.15103,0.13302,1/21/22,20.2713,20.2713
1/24/22,4410.13,0.00155,0.15103,0.13302,1/24/22,20.3398,20.3398
1/25/22,4356.45,0.00185,0.15103,0.13302,1/25/22,20.443,20.443
1/26/22,4349.93,0.00178,0.15646,0.15367,1/26/22,20.5268,20.5268
1/27/22,4326.51,0.00185,0.15646,0.15367,1/27/22,20.5894,20.5894
1/28/22,4431.85,0.00173,0.15646,0.15367,1/28/22,20.647,20.647
1/31/22,4515.55,0.00173,0.15646,0.15367,1/31/22,20.6593,20.6593
2/1/22,4546.54,0.00203,0.15646,0.15367,2/1/22,20.6242,20.6242
2/2/22,4589.38,0.00185,0.13746,0.11073,2/2/22,20.5824,20.5824
2/3/22,4477.44,0.00193,0.13746,0.11073,2/3/22,20.5962,20.5962
2/4/22,4500.53,0.00223,0.13746,0.11073,2/4/22,20.6291,20.6291
2/7/22,4483.87,0.00203,0.13746,0.11073,2/7/22,20.6688,20.6688
2/8/22,4521.54,0.00275,0.13746,0.11073,2/8/22,20.6926,20.6926
2/9/22,4587.18,0.0027,0.14675,0.10984,2/9/22,20.7045,20.7045
2/10/22,4504.08,0.0037,0.14675,0.10984,2/10/22,20.7585,20.7585
2/11/22,4418.64,0.00338,0.14675,0.10984,2/11/22,20.8402,20.8402
2/14/22,4401.67,0.0036,0.14675,0.10984,2/14/22,20.9245,20.9245
2/15/22,4471.07,0.004,0.14675,0.10984,2/15/22,20.9876,20.9876
2/16/22,4475.01,0.00373,0.15492,0.14644,2/16/22,21.0344,21.0344
2/17/22,4380.26,0.00345,0.15492,0.14644,2/17/22,21.092,21.092
2/18/22,4348.87,0.00318,0.15492,0.14644,2/18/22,21.1535,21.1535
2/22/22,4304.76,0.0033,0.15492,0.14644,2/22/22,21.2433,21.2433
2/23/22,4225.50,0.0034,0.17185,0.1675,2/23/22,21.3423,21.3423
2/24/22,4288.70,0.00283,0.17185,0.1675,2/24/22,21.4342,21.4342
2/25/22,4384.65,0.00298,0.17185,0.1675,2/25/22,21.5127,21.5127
2/28/22,4373.94,0.00288,0.17185,0.1675,2/28/22,21.5723,21.5723
3/1/22,4306.26,0.00313,0.17185,0.1675,3/1/22,21.6749,21.6749
3/2/22,4386.54,0.00325,0.16447,0.14241,3/2/22,21.7291,21.7291
3/3/22,4363.49,0.00335,0.16447,0.14241,3/3/22,21.7814,21.7814
3/4/22,4328.87,0.00305,0.16447,0.14241,3/4/22,21.8377,21.8377
3/7/22,4201.09,0.00305,0.16447,0.14241,3/7/22,21.9123,21.9123
3/8/22,4170.70,0.0036,0.16447,0.14241,3/8/22,21.998,21.998
3/9/22,4277.88,0.0037,0.16762,0.16846,3/9/22,22.0341,22.0341
3/10/22,4259.52,0.0036,0.16762,0.16846,3/10/22,22.0603,22.0603
3/11/22,4204.31,0.00365,0.16762,0.16846,3/11/22,22.1137,22.1137
3/14/22,4173.11,0.00378,0.16762,0.16846,3/14/22,22.2149,22.2149
3/15/22,4262.45,0.00448,0.16762,0.16846,3/15/22,22.3236,22.3236
3/16/22,4357.86,0.00433,0.1564,0.14677,3/16/22,22.4001,22.4001
3/17/22,4411.67,0.0036,0.1564,0.14677,3/17/22,22.4552,22.4552
3/18/22,4463.12,0.00383,0.1564,0.14677,3/18/22,22.4724,22.4724
3/21/22,4461.18,0.00455,0.1564,0.14677,3/21/22,22.4859,22.4859
3/22/22,4511.61,0.0052,0.1564,0.14677,3/22/22,22.471,22.471
3/23/22,4456.24,0.0048,0.14429,0.13626,3/23/22,22.5073,22.5073
3/24/22,4520.16,0.00483,0.14429,0.13626,3/24/22,22.5475,22.5475
3/25/22,4543.06,0.0052,0.14429,0.13626,3/25/22,22.5455,22.5455
3/28/22,4575.52,0.00508,0.14429,0.13626,3/28/22,22.5037,22.5037
3/29/22,4631.60,0.00555,0.14429,0.13626,3/29/22,22.4514,22.4514
3/30/22,4602.45,0.00525,0.13976,0.12956,3/30/22,22.4391,22.4391
3/31/22,4530.41,0.00493,0.13976,0.12956,3/31/22,22.4504,22.4504
4/1/22,4545.86,0.005,0.13976,0.12956,4/1/22,22.4191,22.4191
4/4/22,4582.64,0.00538,0.13976,0.12956,4/4/22,22.3692,22.3692
4/5/22,4525.12,0.00668,0.13976,0.12956,4/5/22,22.3284,22.3284
4/6/22,4481.15,0.00663,0.14506,0.14546,4/6/22,22.2929,22.2929
4/7/22,4500.21,0.0066,0.14506,0.14546,4/7/22,22.2761,22.2761
4/8/22,4488.28,0.00668,0.14506,0.14546,4/8/22,22.2726,22.2726
4/11/22,4412.53,0.0068,0.14506,0.14546,4/11/22,22.2865,22.2865
4/12/22,4397.45,0.00738,0.14506,0.14546,4/12/22,22.2699,22.2699
4/13/22,4446.59,0.0074,0.15036,0.15253,4/13/22,22.2515,22.2515
4/14/22,4392.59,0.00748,0.15036,0.15253,4/14/22,22.2455,22.2455
4/18/22,4391.69,0.00755,0.15036,0.15253,4/18/22,22.2199,22.2199
4/19/22,4462.21,0.00833,0.15036,0.15253,4/19/22,22.1441,22.1441
4/20/22,4459.45,0.00795,0.14246,0.14513,4/20/22,22.0437,22.0437
4/21/22,4393.66,0.008,0.14246,0.14513,4/21/22,21.9997,21.9997
4/22/22,4271.78,0.0078,0.14246,0.14513,4/22/22,22.0158,22.0158
4/25/22,4296.12,0.00798,0.14246,0.14513,4/25/22,21.9782,21.9782
4/26/22,4175.20,0.00833,0.14246,0.14513,4/26/22,21.9798,21.9798
4/27/22,4183.96,0.00808,0.16166,0.18648,4/27/22,21.9816,21.9816
4/28/22,4287.50,0.00785,0.16166,0.18648,4/28/22,21.991,21.991
4/29/22,4131.93,0.00808,0.16166,0.18648,4/29/22,22.0766,22.0766
5/2/22,4155.38,0.00765,0.16166,0.18648,5/2/22,22.162,22.162
5/3/22,4175.48,0.00895,0.16166,0.18648,5/3/22,22.2304,22.2304
5/4/22,4300.17,0.00833,0.14361,0.14858,5/4/22,22.2929,22.2929
5/5/22,4146.87,0.00803,0.14361,0.14858,5/5/22,22.3891,22.3891
5/6/22,4123.34,0.00815,0.14361,0.14858,5/6/22,22.4995,22.4995
5/9/22,3991.24,0.008,0.14361,0.14858,5/9/22,22.6547,22.6547
5/10/22,4001.05,0.00878,0.14361,0.14858,5/10/22,22.7937,22.7937
5/11/22,3935.18,0.00883,0.1762,0.20456,5/11/22,22.96,22.96
5/12/22,3930.08,0.00905,0.1762,0.20456,5/12/22,23.0987,23.0987
5/13/22,4023.89,0.00943,0.1762,0.20456,5/13/22,23.2016,23.2016
5/16/22,4008.01,0.0098,0.1762,0.20456,5/16/22,23.3109,23.3109
5/17/22,4088.85,0.01038,0.1762,0.20456,5/17/22,23.413,23.413
5/18/22,3923.68,0.01003,0.17147,0.19726,5/18/22,23.5313,23.5313
5/19/22,3900.79,0.01,0.17147,0.19726,5/19/22,23.6131,23.6131
5/20/22,3901.36,0.00978,0.17147,0.19726,5/20/22,23.6962,23.6962
5/23/22,3973.75,0.00993,0.17147,0.19726,5/23/22,23.7775,23.7775
5/24/22,3941.48,0.01043,0.17147,0.19726,5/24/22,23.8449,23.8449
5/25/22,3978.73,0.01045,0.17045,0.18737,5/25/22,23.8932,23.8932
5/26/22,4057.84,0.01028,0.17045,0.18737,5/26/22,23.9586,23.9586
5/27/22,4158.24,0.01025,0.17045,0.18737,5/27/22,23.9814,23.9814
5/31/22,4132.15,0.0103,0.17045,0.18737,5/31/22,24.0053,24.0053
6/1/22,4101.23,0.01103,0.161,0.18226,6/1/22,24.0371,24.0371
6/2/22,4176.82,0.01113,0.161,0.18226,6/2/22,24.0692,24.0692
6/3/22,4108.54,0.01135,0.161,0.18226,6/3/22,24.0919,24.0919
6/6/22,4121.43,0.0116,0.161,0.18226,6/6/22,24.0655,24.0655
6/7/22,4160.68,0.01225,0.161,0.18226,6/7/22,24.0667,24.0667
6/8/22,4115.77,0.01233,0.16068,0.17794,6/8/22,24.0158,24.0158
6/9/22,4017.82,0.01238,0.16068,0.17794,6/9/22,24.0056,24.0056
6/10/22,3900.86,0.01288,0.16068,0.17794,6/10/22,24.0696,24.0696
6/13/22,3749.63,0.01498,0.16068,0.17794,6/13/22,24.1168,24.1168
6/14/22,3735.48,0.01743,0.16068,0.17794,6/14/22,24.1564,24.1564
6/15/22,3789.99,0.01695,0.16285,0.20236,6/15/22,24.1791,24.1791
6/16/22,3666.77,0.01483,0.16285,0.20236,6/16/22,24.2765,24.2765
6/17/22,3674.84,0.0151,0.16285,0.20236,6/17/22,24.3058,24.3058
6/21/22,3764.79,0.01488,0.16285,0.20236,6/21/22,24.3169,24.3169
6/22/22,3759.89,0.01545,0.1658,0.20089,6/22/22,24.2835,24.2835
6/23/22,3795.73,0.0156,0.1658,0.20089,6/23/22,24.265,24.265
6/24/22,3911.74,0.01598,0.1658,0.20089,6/24/22,24.2265,24.2265
6/27/22,3900.11,0.01633,0.1658,0.20089,6/27/22,24.192,24.192
6/28/22,3821.55,0.01738,0.1658,0.20089,6/28/22,24.1953,24.1953
6/29/22,3818.83,0.01705,0.1633,0.1998,6/29/22,24.1964,24.1964
6/30/22,3785.38,0.016,0.1633,0.1998,6/30/22,24.2235,24.2235
7/1/22,3825.33,0.01603,0.1633,0.1998,7/1/22,24.1914,24.1914
7/5/22,3831.39,0.0163,0.1633,0.1998,7/5/22,24.1788,24.1788
7/6/22,3845.08,0.0184,0.16053,0.1921,7/6/22,24.1753,24.1753
7/7/22,3902.62,0.01853,0.16053,0.1921,7/7/22,24.1583,24.1583
7/8/22,3899.38,0.01843,0.16053,0.1921,7/8/22,24.1344,24.1344
7/11/22,3854.43,0.01953,0.16053,0.1921,7/11/22,24.1396,24.1396
7/12/22,3818.80,0.02113,0.16053,0.1921,7/12/22,24.1574,24.1574
7/13/22,3801.78,0.02323,0.16255,0.21004,7/13/22,24.2041,24.2041
7/14/22,3790.38,0.02273,0.16255,0.21004,7/14/22,24.2542,24.2542
7/15/22,3863.16,0.0224,0.16255,0.21004,7/15/22,24.2826,24.2826
7/18/22,3830.85,0.0226,0.16255,0.21004,7/18/22,24.3418,24.3418
7/19/22,3936.69,0.0245,0.16255,0.21004,7/19/22,24.367,24.367
7/20/22,3959.90,0.02378,0.1558,0.19425,7/20/22,24.3867,24.3867
7/21/22,3998.95,0.0236,0.1558,0.19425,7/21/22,24.3893,24.3893
7/22/22,3961.63,0.02355,0.1558,0.19425,7/22/22,24.4058,24.4058
7/25/22,3966.84,0.02393,0.1558,0.19425,7/25/22,24.4015,24.4015
7/26/22,3921.05,0.02475,0.1558,0.19425,7/26/22,24.3765,24.3765
7/27/22,4023.61,0.02383,0.15456,0.18882,7/27/22,24.2874,24.2874
7/28/22,4072.43,0.02308,0.15456,0.18882,7/28/22,24.1956,24.1956
7/29/22,4130.29,0.02298,0.15456,0.18882,7/29/22,24.1358,24.1358
8/1/22,4118.63,0.02265,0.15456,0.18882,8/1/22,24.0477,24.0477
8/2/22,4091.19,0.02463,0.15456,0.18882,8/2/22,23.9818,23.9818
8/3/22,4155.17,0.02428,0.14761,0.19015,8/3/22,23.9058,23.9058
8/4/22,4151.94,0.02378,0.14761,0.19015,8/4/22,23.8396,23.8396
8/5/22,4145.19,0.0241,0.14761,0.19015,8/5/22,23.7878,23.7878
8/8/22,4140.06,0.0246,0.14761,0.19015,8/8/22,23.7511,23.7511
8/9/22,4122.47,0.0257,0.14761,0.19015,8/9/22,23.7255,23.7255
8/10/22,4210.24,0.02535,0.1543,0.18088,8/10/22,23.6569,23.6569
8/11/22,4207.27,0.0249,0.1543,0.18088,8/11/22,23.6021,23.6021
8/12/22,4280.15,0.025,0.1543,0.18088,8/12/22,23.5218,23.5218
8/15/22,4297.14,0.02513,0.1543,0.18088,8/15/22,23.4429,23.4429
8/16/22,4305.20,0.02598,0.1543,0.18088,8/16/22,23.3615,23.3615
8/17/22,4274.04,0.02568,0.15555,0.20528,8/17/22,23.3075,23.3075
8/18/22,4283.74,0.02565,0.15555,0.20528,8/18/22,23.2498,23.2498
8/19/22,4228.48,0.0258,0.15555,0.20528,8/19/22,23.2118,23.2118
8/22/22,4137.99,0.02648,0.15555,0.20528,8/22/22,23.1814,23.1814
8/23/22,4128.73,0.02703,0.15555,0.20528,8/23/22,23.1439,23.1439
8/24/22,4140.77,0.02713,0.15528,0.19001,8/24/22,23.0866,23.0866
8/25/22,4199.12,0.0273,0.15528,0.19001,8/25/22,22.9959,22.9959
8/26/22,4057.66,0.02755,0.15528,0.19001,8/26/22,22.9909,22.9909
8/29/22,4030.61,0.02798,0.15528,0.19001,8/29/22,22.9636,22.9636
8/30/22,3986.16,0.02873,0.15528,0.19001,8/30/22,22.9626,22.9626
8/31/22,3955.00,0.0286,0.16235,0.22004,8/31/22,22.9738,22.9738
9/1/22,3966.85,0.02863,0.16235,0.22004,9/1/22,22.9989,22.9989
9/2/22,3924.26,0.0282,0.16235,0.22004,9/2/22,23.0065,23.0065
9/6/22,3908.19,0.02845,0.16235,0.22004,9/6/22,23.0297,23.0297
9/7/22,3979.87,0.02933,0.15713,0.20094,9/7/22,23.0112,23.0112
9/8/22,4006.18,0.0295,0.15713,0.20094,9/8/22,23.013,23.013
9/9/22,4067.36,0.02968,0.15713,0.20094,9/9/22,23.0309,23.0309
9/12/22,4110.41,0.02995,0.15713,0.20094,9/12/22,23.0536,23.0536
9/13/22,3932.69,0.03153,0.15713,0.20094,9/13/22,23.1024,23.1024
9/14/22,3946.01,0.03128,0.16157,0.22161,9/14/22,23.1221,23.1221
9/15/22,3901.35,0.03095,0.16157,0.22161,9/15/22,23.1858,23.1858
9/16/22,3873.33,0.0307,0.16157,0.22161,9/16/22,23.2489,23.2489
9/19/22,3899.89,0.03035,0.16157,0.22161,9/19/22,23.2927,23.2927
9/20/22,3855.93,0.03243,0.16157,0.22161,9/20/22,23.3393,23.3393
9/21/22,3789.93,0.0319,0.16911,0.24129,9/21/22,23.3977,23.3977
9/22/22,3757.99,0.0313,0.16911,0.24129,9/22/22,23.4756,23.4756
9/23/22,3693.23,0.03108,0.16911,0.24129,9/23/22,23.5621,23.5621
9/26/22,3655.04,0.03165,0.16911,0.24129,9/26/22,23.68,23.68
9/27/22,3647.29,0.0325,0.16911,0.24129,9/27/22,23.8233,23.8233
9/28/22,3719.04,0.0323,0.17158,0.23464,9/28/22,23.9651,23.9651
9/29/22,3640.47,0.03218,0.17158,0.23464,9/29/22,24.0813,24.0813
9/30/22,3585.62,0.0318,0.17158,0.23464,9/30/22,24.2245,24.2245
10/3/22,3678.43,0.0315,0.17158,0.23464,10/3/22,24.3219,24.3219
10/4/22,3790.93,0.03315,0.17158,0.23464,10/4/22,24.3689,24.3689
10/5/22,3783.28,0.03293,0.16047,0.23058,10/5/22,24.4329,24.4329
10/6/22,3744.52,0.03288,0.16047,0.23058,10/6/22,24.5342,24.5342
10/7/22,3639.66,0.03293,0.16047,0.23058,10/7/22,24.6601,24.6601
10/10/22,3612.39,0.03285,0.16047,0.23058,10/10/22,24.7496,24.7496
10/11/22,3588.84,0.0334,0.16047,0.23058,10/11/22,24.8451,24.8451
10/12/22,3577.03,0.03533,0.16835,0.25345,10/12/22,24.9347,24.9347
10/13/22,3669.91,0.03583,0.16835,0.25345,10/13/22,24.9929,24.9929
10/14/22,3583.07,0.03628,0.16835,0.25345,10/14/22,25.0781,25.0781
10/17/22,3677.95,0.03688,0.16835,0.25345,10/17/22,25.1538,25.1538
10/18/22,3719.98,0.03833,0.16835,0.25345,10/18/22,25.2086,25.2086
10/19/22,3695.16,0.03893,0.16755,0.25023,10/19/22,25.2929,25.2929
10/20/22,3665.78,0.0389,0.16755,0.25023,10/20/22,25.3901,25.3901
10/21/22,3752.75,0.03885,0.16755,0.25023,10/21/22,25.4879,25.4879
10/24/22,3797.34,0.03913,0.16755,0.25023,10/24/22,25.5733,25.5733
10/25/22,3859.11,0.03965,0.16755,0.25023,10/25/22,25.5789,25.5789
10/26/22,3830.60,0.0393,0.16509,0.24426,10/26/22,25.6403,25.6403
10/27/22,3807.30,0.0393,0.16509,0.24426,10/27/22,25.6008,25.6008
10/28/22,3901.06,0.0397,0.16509,0.24426,10/28/22,25.6082,25.6082
10/31/22,3871.98,0.03975,0.16509,0.24426,10/31/22,25.6398,25.6398
11/1/22,3856.10,0.0405,0.16509,0.24426,11/1/22,25.6373,25.6373
11/2/22,3759.69,0.04025,0.16847,0.24988,11/2/22,25.6269,25.6269
11/3/22,3719.89,0.04025,0.16847,0.24988,11/3/22,25.654,25.654
11/4/22,3770.55,0.04013,0.16847,0.24988,11/4/22,25.6463,25.6463
11/7/22,3806.80,0.03983,0.16847,0.24988,11/7/22,25.5997,25.5997
11/8/22,3828.11,0.0409,0.16847,0.24988,11/8/22,25.5547,25.5547
11/9/22,3748.57,0.04093,0.17241,0.2398,11/9/22,25.5354,25.5354
11/10/22,3956.37,0.04055,0.17241,0.2398,11/10/22,25.4653,25.4653
11/11/22,3992.93,0.04063,0.17241,0.2398,11/11/22,25.3874,25.3874
11/14/22,3957.25,0.04068,0.17241,0.2398,11/14/22,25.3482,25.3482
11/15/22,3991.73,0.0413,0.17241,0.2398,11/15/22,25.3219,25.3219
11/16/22,3958.79,0.04125,0.1593,0.22525,11/16/22,25.2864,25.2864
11/17/22,3946.56,0.04113,0.1593,0.22525,11/17/22,25.2252,25.2252
11/18/22,3965.34,0.04135,0.1593,0.22525,11/18/22,25.1706,25.1706
11/21/22,3949.94,0.04098,0.1593,0.22525,11/21/22,25.0664,25.0664
11/22/22,4003.58,0.04198,0.1593,0.22525,11/22/22,24.9418,24.9418
11/23/22,4027.26,0.042,0.14892,0.21181,11/23/22,24.822,24.822
11/25/22,4026.12,0.04175,0.14892,0.21181,11/25/22,24.733,24.733
11/28/22,3963.94,0.04183,0.14892,0.21181,11/28/22,24.6443,24.6443
11/29/22,3957.63,0.04253,0.14892,0.21181,11/29/22,24.5698,24.5698
11/30/22,4080.11,0.04253,0.14565,0.20411,11/30/22,24.4681,24.4681
12/1/22,4076.57,0.04193,0.14565,0.20411,12/1/22,24.357,24.357
12/2/22,4071.70,0.04208,0.14565,0.20411,12/2/22,24.2294,24.2294
12/5/22,3998.84,0.04158,0.14565,0.20411,12/5/22,24.1216,24.1216
12/6/22,3941.26,0.0422,0.14565,0.20411,12/6/22,24.0404,24.0404
12/7/22,3933.92,0.04183,0.15201,0.21697,12/7/22,24.0051,24.0051
12/8/22,3963.51,0.0415,0.15201,0.21697,12/8/22,23.9345,23.9345
12/9/22,3934.38,0.04173,0.15201,0.21697,12/9/22,23.9493,23.9493
12/12/22,3990.56,0.04168,0.15201,0.21697,12/12/22,23.9005,23.9005
12/13/22,4019.65,0.04248,0.15201,0.21697,12/13/22,23.8385,23.8385
12/14/22,3995.32,0.0422,0.14752,0.21522,12/14/22,23.791,23.791
12/15/22,3895.75,0.04213,0.14752,0.21522,12/15/22,23.7573,23.7573
12/16/22,3852.36,0.04163,0.14752,0.21522,12/16/22,23.7083,23.7083
12/19/22,3817.66,0.04163,0.14752,0.21522,12/19/22,23.6903,23.6903
12/20/22,3821.62,0.0423,0.14752,0.21522,12/20/22,23.6866,23.6866
12/21/22,3878.44,0.04205,0.15376,0.21883,12/21/22,23.6485,23.6485
12/22/22,3822.39,0.04208,0.15376,0.21883,12/22/22,23.6104,23.6104
12/23/22,3844.82,0.04193,0.15376,0.21883,12/23/22,23.5983,23.5983
12/27/22,3829.25,0.04195,0.15376,0.21883,12/27/22,23.5918,23.5918
12/28/22,3783.22,0.04338,0.15861,0.22666,12/28/22,23.5756,23.5756
12/29/22,3849.28,0.04295,0.15861,0.22666,12/29/22,23.5538,23.5538
12/30/22,3839.50,0.0426,0.15861,0.22666,12/30/22,23.5342,23.5342