Date,S&P500,Bond Rate,PrDec,PrInc,Dates,IVOL_PUT_12M_MOV_AVG_30D_HIST,IVOL_CALL_12M_MOV_AVG_30D_HIST
2019-01-02,"2,510.03",0.02365,0.14518,0.12331,1/2/19,18.7598,18.7598
2019-01-03,"2,447.89",0.02355,0.14518,0.12331,1/3/19,18.8515,18.8515
2019-01-04,"2,531.94",0.02358,0.14518,0.12331,1/4/19,18.8892,18.8892
2019-01-07,"2,549.69",0.02353,0.14518,0.12331,1/7/19,18.8932,18.8932
2019-01-08,"2,574.41",0.024,0.14518,0.12331,1/8/19,18.9021,18.9021
2019-01-09,"2,584.96",0.0239,0.13565,0.11308,1/9/19,18.8907,18.8907
2019-01-10,"2,596.64",0.02375,0.13565,0.11308,1/10/19,18.907,18.907
2019-01-11,"2,596.26",0.0237,0.13565,0.11308,1/11/19,18.9072,18.9072
2019-01-14,"2,582.61",0.0236,0.13565,0.11308,1/14/19,18.9263,18.9263
2019-01-15,"2,610.30",0.02383,0.13565,0.11308,1/15/19,18.9112,18.9112
2019-01-16,"2,616.10",0.02363,0.11825,0.08829,1/16/19,18.9066,18.9066
2019-01-17,"2,635.96",0.02355,0.11825,0.08829,1/17/19,18.9233,18.9233
2019-01-18,"2,670.71",0.02348,0.11825,0.08829,1/18/19,18.8881,18.8881
2019-01-22,"2,632.90",0.02345,0.11825,0.08829,1/22/19,18.8744,18.8744
2019-01-23,"2,638.70",0.02353,0.12229,0.09312,1/23/19,18.8193,18.8193
2019-01-24,"2,642.33",0.02305,0.12229,0.09312,1/24/19,18.755,18.755
2019-01-25,"2,664.76",0.02328,0.12229,0.09312,1/25/19,18.6906,18.6906
2019-01-28,"2,643.85",0.02333,0.12229,0.09312,1/28/19,18.6377,18.6377
2019-01-29,"2,640.00",0.02365,0.12229,0.09312,1/29/19,18.5902,18.5902
2019-01-30,"2,681.05",0.02365,0.11251,0.07743,1/30/19,18.5069,18.5069
2019-01-31,"2,704.10",0.0234,0.11251,0.07743,1/31/19,18.3892,18.3892
2019-02-01,"2,706.53",0.0234,0.11251,0.07743,2/1/19,18.2667,18.2667
2019-02-04,"2,724.87",0.02335,0.11251,0.07743,2/4/19,18.1249,18.1249
2019-02-05,"2,737.70",0.02365,0.11251,0.07743,2/5/19,17.9643,17.9643
2019-02-06,"2,731.61",0.02365,0.10226,0.06827,2/6/19,17.7974,17.7974
2019-02-07,"2,706.05",0.02355,0.10226,0.06827,2/7/19,17.6093,17.6093
2019-02-08,"2,707.88",0.02365,0.10226,0.06827,2/8/19,17.4746,17.4746
2019-02-11,"2,709.80",0.02375,0.10226,0.06827,2/11/19,17.3387,17.3387
2019-02-12,"2,744.73",0.02378,0.10226,0.06827,2/12/19,17.1894,17.1894
2019-02-13,"2,753.03",0.02373,0.11082,0.06072,2/13/19,17.0547,17.0547
2019-02-14,"2,745.73",0.02373,0.11082,0.06072,2/14/19,16.9453,16.9453
2019-02-15,"2,775.60",0.0237,0.11082,0.06072,2/15/19,16.7942,16.7942
2019-02-19,"2,779.76",0.02373,0.11082,0.06072,2/19/19,16.6682,16.6682
2019-02-20,"2,784.70",0.02383,0.10522,0.05445,2/20/19,16.5411,16.5411
2019-02-21,"2,774.88",0.02395,0.10522,0.05445,2/21/19,16.4232,16.4232
2019-02-22,"2,792.67",0.02393,0.10522,0.05445,2/22/19,16.3108,16.3108
2019-02-25,"2,796.11",0.02393,0.10522,0.05445,2/25/19,16.1985,16.1985
2019-02-26,"2,793.90",0.024,0.10522,0.05445,2/26/19,16.1036,16.1036
2019-02-27,"2,792.38",0.02393,0.10276,0.05864,2/27/19,16.0045,16.0045
2019-02-28,"2,784.49",0.02383,0.10276,0.05864,2/28/19,15.9305,15.9305
2019-03-01,"2,803.69",0.02378,0.10276,0.05864,3/1/19,15.8517,15.8517
2019-03-04,"2,792.81",0.02375,0.10276,0.05864,3/4/19,15.7783,15.7783
2019-03-05,"2,789.65",0.024,0.10276,0.05864,3/5/19,15.7157,15.7157
2019-03-06,"2,771.45",0.02405,0.10653,0.05401,3/6/19,15.6419,15.6419
2019-03-07,"2,748.93",0.02395,0.10653,0.05401,3/7/19,15.5925,15.5925
2019-03-08,"2,743.07",0.02393,0.10653,0.05401,3/8/19,15.5536,15.5536
2019-03-11,"2,783.30",0.0238,0.10653,0.05401,3/11/19,15.4955,15.4955
2019-03-12,"2,791.52",0.02395,0.10653,0.05401,3/12/19,15.4212,15.4212
2019-03-13,"2,810.92",0.02388,0.10304,0.04286,3/13/19,15.3383,15.3383
2019-03-14,"2,808.48",0.02388,0.10304,0.04286,3/14/19,15.2734,15.2734
2019-03-15,"2,822.48",0.02388,0.10304,0.04286,3/15/19,15.2152,15.2152
2019-03-18,"2,832.94",0.02385,0.10304,0.04286,3/18/19,15.1662,15.1662
2019-03-19,"2,832.57",0.02405,0.10304,0.04286,3/19/19,15.1302,15.1302
2019-03-20,"2,824.23",0.02408,0.09969,0.0527,3/20/19,15.1026,15.1026
2019-03-21,"2,854.88",0.02408,0.09969,0.0527,3/21/19,15.0712,15.0712
2019-03-22,"2,800.71",0.02398,0.09969,0.0527,3/22/19,15.0568,15.0568
2019-03-25,"2,798.36",0.0239,0.09969,0.0527,3/25/19,15.0448,15.0448
2019-03-26,"2,818.46",0.02405,0.09969,0.0527,3/26/19,15.0244,15.0244
2019-03-27,"2,805.37",0.02378,0.10828,0.05855,3/27/19,15.0275,15.0275
2019-03-28,"2,815.44",0.0237,0.10828,0.05855,3/28/19,15.0271,15.0271
2019-03-29,"2,834.40",0.02328,0.10828,0.05855,3/29/19,15.0025,15.0025
2019-04-01,"2,867.19",0.02323,0.10828,0.05855,4/1/19,14.9784,14.9784
2019-04-02,"2,867.24",0.0237,0.10828,0.05855,4/2/19,14.9553,14.9553
2019-04-03,"2,873.40",0.02373,0.0945,0.05126,4/3/19,14.947,14.947
2019-04-04,"2,879.39",0.0237,0.0945,0.05126,4/4/19,14.9335,14.9335
2019-04-05,"2,892.74",0.0237,0.0945,0.05126,4/5/19,14.9195,14.9195
2019-04-08,"2,895.77",0.02365,0.0945,0.05126,4/8/19,14.9057,14.9057
2019-04-09,"2,878.20",0.02365,0.0945,0.05126,4/9/19,14.8975,14.8975
2019-04-10,"2,888.21",0.02363,0.09181,0.0466,4/10/19,14.8856,14.8856
2019-04-11,"2,888.32",0.02365,0.09181,0.0466,4/11/19,14.8724,14.8724
2019-04-12,"2,907.41",0.02375,0.09181,0.0466,4/12/19,14.8617,14.8617
2019-04-15,"2,905.58",0.0236,0.09181,0.0466,4/15/19,14.8462,14.8462
2019-04-16,"2,907.06",0.02378,0.09181,0.0466,4/16/19,14.8314,14.8314
2019-04-17,"2,900.45",0.0238,0.08956,0.04158,4/17/19,14.8065,14.8065
2019-04-18,"2,905.03",0.02365,0.08956,0.04158,4/18/19,14.7617,14.7617
2019-04-22,"2,907.97",0.02375,0.08956,0.04158,4/22/19,14.7142,14.7142
2019-04-23,"2,933.68",0.0239,0.08956,0.04158,4/23/19,14.6812,14.6812
2019-04-24,"2,927.25",0.02375,0.10033,0.03755,4/24/19,14.6608,14.6608
2019-04-25,"2,926.17",0.02365,0.10033,0.03755,4/25/19,14.6514,14.6514
2019-04-26,"2,939.88",0.0236,0.10033,0.03755,4/26/19,14.6344,14.6344
2019-04-29,"2,943.03",0.0236,0.10033,0.03755,4/29/19,14.6206,14.6206
2019-04-30,"2,945.83",0.02368,0.10033,0.03755,4/30/19,14.6101,14.6101
2019-05-01,"2,923.73",0.02363,0.09265,0.04472,5/1/19,14.6115,14.6115
2019-05-02,"2,917.52",0.02373,0.09265,0.04472,5/2/19,14.6109,14.6109
2019-05-03,"2,945.64",0.02368,0.09265,0.04472,5/3/19,14.6027,14.6027
2019-05-06,"2,932.47",0.02363,0.09265,0.04472,5/6/19,14.5793,14.5793
2019-05-07,"2,884.05",0.02368,0.09265,0.04472,5/7/19,14.5965,14.5965
2019-05-08,"2,879.42",0.0237,0.10159,0.06069,5/8/19,14.6137,14.6137
2019-05-09,"2,870.72",0.0237,0.10159,0.06069,5/9/19,14.6186,14.6186
2019-05-10,"2,881.40",0.0237,0.10159,0.06069,5/10/19,14.6095,14.6095
2019-05-13,"2,811.87",0.0235,0.10159,0.06069,5/13/19,14.6492,14.6492
2019-05-14,"2,834.41",0.02353,0.10159,0.06069,5/14/19,14.6853,14.6853
2019-05-15,"2,850.96",0.0235,0.1124,0.0566,5/15/19,14.7147,14.7147
2019-05-16,"2,876.32",0.02338,0.1124,0.0566,5/16/19,14.726,14.726
2019-05-17,"2,859.53",0.0233,0.1124,0.0566,5/17/19,14.748,14.748
2019-05-20,"2,840.23",0.0232,0.1124,0.0566,5/20/19,14.7901,14.7901
2019-05-21,"2,864.36",0.0233,0.1124,0.0566,5/21/19,14.8099,14.8099
2019-05-22,"2,856.27",0.0232,0.10752,0.05476,5/22/19,14.8213,14.8213
2019-05-23,"2,822.24",0.02303,0.10752,0.05476,5/23/19,14.8636,14.8636
2019-05-24,"2,826.06",0.02288,0.10752,0.05476,5/24/19,14.9017,14.9017
2019-05-28,"2,802.39",0.02298,0.10752,0.05476,5/28/19,14.9568,14.9568
2019-05-29,"2,783.02",0.02298,0.11964,0.06742,5/29/19,15.0223,15.0223
2019-05-30,"2,788.86",0.0231,0.11964,0.06742,5/30/19,15.0845,15.0845
2019-05-31,"2,752.06",0.02293,0.11964,0.06742,5/31/19,15.1584,15.1584
2019-06-03,"2,744.45",0.0228,0.11964,0.06742,6/3/19,15.2419,15.2419
2019-06-04,"2,803.27",0.02295,0.11964,0.06742,6/4/19,15.2899,15.2899
2019-06-05,"2,826.15",0.02285,0.11579,0.06038,6/5/19,15.3352,15.3352
2019-06-06,"2,843.49",0.02255,0.11579,0.06038,6/6/19,15.3693,15.3693
2019-06-07,"2,873.34",0.02215,0.11579,0.06038,6/7/19,15.397,15.397
2019-06-10,"2,886.73",0.0222,0.11579,0.06038,6/10/19,15.4293,15.4293
2019-06-11,"2,885.72",0.02213,0.11579,0.06038,6/11/19,15.4654,15.4654
2019-06-12,"2,879.84",0.02165,0.11102,0.05633,6/12/19,15.4969,15.4969
2019-06-13,"2,891.64",0.0214,0.11102,0.05633,6/13/19,15.5098,15.5098
2019-06-14,"2,886.98",0.02125,0.11102,0.05633,6/14/19,15.5178,15.5178
2019-06-17,"2,889.67",0.02138,0.11102,0.05633,6/17/19,15.5402,15.5402
2019-06-18,"2,917.75",0.02168,0.11102,0.05633,6/18/19,15.545,15.545
2019-06-19,"2,926.46",0.02125,0.10553,0.05123,6/19/19,15.4993,15.4993
2019-06-20,"2,954.18",0.02078,0.10553,0.05123,6/20/19,15.4604,15.4604
2019-06-21,"2,950.46",0.02055,0.10553,0.05123,6/21/19,15.436,15.436
2019-06-24,"2,945.35",0.02058,0.10553,0.05123,6/24/19,15.4333,15.4333
2019-06-25,"2,917.38",0.02083,0.10553,0.05123,6/25/19,15.405,15.405
2019-06-26,"2,913.78",0.02093,0.10586,0.05718,6/26/19,15.3925,15.3925
2019-06-27,"2,924.92",0.02085,0.10586,0.05718,6/27/19,15.3897,15.3897
2019-06-28,"2,941.76",0.02035,0.10586,0.05718,6/28/19,15.3833,15.3833
2019-07-01,"2,964.33",0.02065,0.10586,0.05718,7/1/19,15.358,15.358
2019-07-02,"2,973.01",0.02148,0.10586,0.05718,7/2/19,15.3123,15.3123
2019-07-03,"2,995.82",0.0215,0.09307,0.04009,7/3/19,15.2805,15.2805
2019-07-05,"2,990.41",0.02163,0.09307,0.04009,7/5/19,15.2485,15.2485
2019-07-08,"2,975.95",0.02178,0.09307,0.04009,7/8/19,15.2067,15.2067
2019-07-09,"2,979.63",0.02195,0.09307,0.04009,7/9/19,15.1665,15.1665
2019-07-10,"2,993.07",0.0213,0.09298,0.04128,7/10/19,15.1136,15.1136
2019-07-11,"2,999.91",0.02098,0.09298,0.04128,7/11/19,15.0443,15.0443
2019-07-12,"3,013.77",0.0209,0.09298,0.04128,7/12/19,14.9766,14.9766
2019-07-15,"3,014.30",0.02085,0.09298,0.04128,7/15/19,14.9003,14.9003
2019-07-16,"3,004.04",0.02103,0.09298,0.04128,7/16/19,14.8222,14.8222
2019-07-17,"2,984.42",0.02073,0.09594,0.04342,7/17/19,14.789,14.789
2019-07-18,"2,995.11",0.02013,0.09594,0.04342,7/18/19,14.7648,14.7648
2019-07-19,"2,976.61",0.02013,0.09594,0.04342,7/19/19,14.7549,14.7549
2019-07-22,"2,985.03",0.02025,0.09594,0.04342,7/22/19,14.7432,14.7432
2019-07-23,"3,005.47",0.02033,0.09594,0.04342,7/23/19,14.7202,14.7202
2019-07-24,"3,019.56",0.0204,0.10501,0.03771,7/24/19,14.6871,14.6871
2019-07-25,"3,003.67",0.0206,0.10501,0.03771,7/25/19,14.663,14.663
2019-07-26,"3,025.86",0.02063,0.10501,0.03771,7/26/19,14.6326,14.6326
2019-07-29,"3,020.97",0.0205,0.10501,0.03771,7/29/19,14.6093,14.6093
2019-07-30,"3,013.18",0.0204,0.10501,0.03771,7/30/19,14.5943,14.5943
2019-07-31,"2,980.38",0.0203,0.10608,0.04669,7/31/19,14.6042,14.6042
2019-08-01,"2,953.56",0.0203,0.10608,0.04669,8/1/19,14.6402,14.6402
2019-08-02,"2,932.05",0.02,0.10608,0.04669,8/2/19,14.6807,14.6807
2019-08-05,"2,844.74",0.01953,0.10608,0.04669,8/5/19,14.7535,14.7535
2019-08-06,"2,881.77",0.01995,0.10608,0.04669,8/6/19,14.8007,14.8007
2019-08-07,"2,883.98",0.01968,0.12593,0.06014,8/7/19,14.8375,14.8375
2019-08-08,"2,938.09",0.0197,0.12593,0.06014,8/8/19,14.8471,14.8471
2019-08-09,"2,918.65",0.0195,0.12593,0.06014,8/9/19,14.8712,14.8712
2019-08-12,"2,882.70",0.01928,0.12593,0.06014,8/12/19,14.939,14.939
2019-08-13,"2,926.32",0.01955,0.12593,0.06014,8/13/19,14.9905,14.9905
2019-08-14,"2,840.60",0.01908,0.14032,0.07888,8/14/19,15.0978,15.0978
2019-08-15,"2,847.60",0.01843,0.14032,0.07888,8/15/19,15.2136,15.2136
2019-08-16,"2,888.68",0.01823,0.14032,0.07888,8/16/19,15.3074,15.3074
2019-08-19,"2,923.65",0.01853,0.14032,0.07888,8/19/19,15.3688,15.3688
2019-08-20,"2,900.51",0.019,0.14032,0.07888,8/20/19,15.4455,15.4455
2019-08-21,"2,924.43",0.01928,0.12925,0.05889,8/21/19,15.5099,15.5099
2019-08-22,"2,922.95",0.01938,0.12925,0.05889,8/22/19,15.5832,15.5832
2019-08-23,"2,847.11",0.0191,0.12925,0.05889,8/23/19,15.7103,15.7103
2019-08-26,"2,878.38",0.01933,0.12925,0.05889,8/26/19,15.8129,15.8129
2019-08-27,"2,869.16",0.01943,0.12925,0.05889,8/27/19,15.9217,15.9217
2019-08-28,"2,887.94",0.0194,0.14231,0.0781,8/28/19,16.0111,16.0111
2019-08-29,"2,924.58",0.0194,0.14231,0.0781,8/29/19,16.0794,16.0794
2019-08-30,"2,926.46",0.01933,0.14231,0.0781,8/30/19,16.1469,16.1469
2019-09-03,"2,906.27",0.0191,0.14231,0.0781,9/3/19,16.2316,16.2316
2019-09-04,"2,937.78",0.01905,0.1367,0.07079,9/4/19,16.3095,16.3095
2019-09-05,"2,976.00",0.0192,0.1367,0.07079,9/5/19,16.3741,16.3741
2019-09-06,"2,978.71",0.0191,0.1367,0.07079,9/6/19,16.4262,16.4262
2019-09-09,"2,978.43",0.01908,0.1367,0.07079,9/9/19,16.4873,16.4873
2019-09-10,"2,979.39",0.01913,0.1367,0.07079,9/10/19,16.5462,16.5462
2019-09-11,"3,000.93",0.01913,0.12498,0.05433,9/11/19,16.5891,16.5891
2019-09-12,"3,009.57",0.01895,0.12498,0.05433,9/12/19,16.6076,16.6076
2019-09-13,"3,007.39",0.019,0.12498,0.05433,9/13/19,16.6133,16.6133
2019-09-16,"2,997.96",0.01945,0.12498,0.05433,9/16/19,16.6263,16.6263
2019-09-17,"3,005.70",0.01938,0.12498,0.05433,9/17/19,16.5972,16.5972
2019-09-18,"3,006.73",0.0188,0.12571,0.06496,9/18/19,16.5906,16.5906
2019-09-19,"3,006.79",0.01883,0.12571,0.06496,9/19/19,16.5792,16.5792
2019-09-20,"2,992.07",0.0185,0.12571,0.06496,9/20/19,16.6204,16.6204
2019-09-23,"2,991.78",0.01845,0.12571,0.06496,9/23/19,16.6443,16.6443
2019-09-24,"2,966.60",0.0188,0.12571,0.06496,9/24/19,16.6598,16.6598
2019-09-25,"2,984.87",0.01845,0.12961,0.0682,9/25/19,16.6894,16.6894
2019-09-26,"2,977.62",0.0177,0.12961,0.0682,9/26/19,16.6729,16.6729
2019-09-27,"2,961.79",0.0173,0.12961,0.0682,9/27/19,16.6656,16.6656
2019-09-30,"2,976.74",0.0177,0.12961,0.0682,9/30/19,16.6765,16.6765
2019-10-01,"2,940.25",0.01753,0.12961,0.0682,10/1/19,16.7186,16.7186
2019-10-02,"2,887.61",0.01735,0.14367,0.08744,10/2/19,16.7795,16.7795
2019-10-03,"2,910.63",0.01665,0.14367,0.08744,10/3/19,16.8407,16.8407
2019-10-04,"2,952.01",0.01655,0.14367,0.08744,10/4/19,16.8684,16.8684
2019-10-07,"2,938.79",0.01673,0.14367,0.08744,10/7/19,16.8516,16.8516
2019-10-08,"2,893.06",0.01655,0.14367,0.08744,10/8/19,16.8795,16.8795
2019-10-09,"2,919.40",0.01628,0.14275,0.07891,10/9/19,16.8795,16.8795
2019-10-10,"2,938.13",0.01633,0.14275,0.07891,10/10/19,16.8761,16.8761
2019-10-11,"2,970.27",0.01623,0.14275,0.07891,10/11/19,16.8725,16.8725
2019-10-14,"2,966.15",0.01618,0.14275,0.07891,10/14/19,16.8598,16.8598
2019-10-15,"2,995.68",0.01618,0.14275,0.07891,10/15/19,16.8201,16.8201
2019-10-16,"2,989.69",0.01615,0.11661,0.05826,10/16/19,16.799,16.799
2019-10-17,"2,997.95",0.01625,0.11661,0.05826,10/17/19,16.7942,16.7942
2019-10-18,"2,986.20",0.01625,0.11661,0.05826,10/18/19,16.81,16.81
2019-10-21,"3,006.72",0.01625,0.11661,0.05826,10/21/19,16.815,16.815
2019-10-22,"2,995.99",0.01615,0.11661,0.05826,10/22/19,16.8228,16.8228
2019-10-23,"3,004.52",0.01615,0.11979,0.05897,10/23/19,16.8375,16.8375
2019-10-24,"3,010.29",0.01623,0.11979,0.05897,10/24/19,16.855,16.855
2019-10-25,"3,022.55",0.01625,0.11979,0.05897,10/25/19,16.8606,16.8606
2019-10-28,"3,039.42",0.01605,0.11979,0.05897,10/28/19,16.8565,16.8565
2019-10-29,"3,036.89",0.01595,0.11979,0.05897,10/29/19,16.852,16.852
2019-10-30,"3,046.77",0.01595,0.11417,0.05868,10/30/19,16.841,16.841
2019-10-31,"3,037.56",0.01498,0.11417,0.05868,10/31/19,16.842,16.842
2019-11-01,"3,066.91",0.01485,0.11417,0.05868,11/1/19,16.8097,16.8097
2019-11-04,"3,078.27",0.01503,0.11417,0.05868,11/4/19,16.7852,16.7852
2019-11-05,"3,074.62",0.01518,0.11417,0.05868,11/5/19,16.7472,16.7472
2019-11-06,"3,076.78",0.01515,0.11504,0.0594,11/6/19,16.7231,16.7231
2019-11-07,"3,085.18",0.01518,0.11504,0.0594,11/7/19,16.698,16.698
2019-11-08,"3,093.08",0.0151,0.11504,0.0594,11/8/19,16.6636,16.6636
2019-11-11,"3,087.01",0.01513,0.11504,0.0594,11/11/19,16.6332,16.6332
2019-11-12,"3,091.84",0.01533,0.11504,0.0594,11/12/19,16.5889,16.5889
2019-11-13,"3,094.04",0.01535,0.12868,0.06379,11/13/19,16.5094,16.5094
2019-11-14,"3,096.63",0.01528,0.12868,0.06379,11/14/19,16.45,16.45
2019-11-15,"3,120.46",0.01528,0.12868,0.06379,11/15/19,16.4081,16.4081
2019-11-18,"3,122.03",0.01523,0.12868,0.06379,11/18/19,16.3593,16.3593
2019-11-19,"3,120.18",0.01525,0.12868,0.06379,11/19/19,16.2864,16.2864
2019-11-20,"3,108.46",0.0152,0.12798,0.06073,11/20/19,16.24,16.24
2019-11-21,"3,103.54",0.0153,0.12798,0.06073,11/21/19,16.2112,16.2112
2019-11-22,"3,110.29",0.01543,0.12798,0.06073,11/22/19,16.2028,16.2028
2019-11-25,"3,133.64",0.01545,0.12798,0.06073,11/25/19,16.1778,16.1778
2019-11-26,"3,140.52",0.01565,0.12798,0.06073,11/26/19,16.1593,16.1593
2019-11-27,"3,153.63",0.01565,0.12064,0.05582,11/27/19,16.142,16.142
2019-11-29,"3,140.98",0.0154,0.12064,0.05582,11/29/19,16.1355,16.1355
2019-12-02,"3,113.87",0.01538,0.12064,0.05582,12/2/19,16.1305,16.1305
2019-12-03,"3,093.20",0.01538,0.12064,0.05582,12/3/19,16.1493,16.1493
2019-12-04,"3,112.76",0.01498,0.13053,0.06486,12/4/19,16.1524,16.1524
2019-12-05,"3,117.43",0.01493,0.13053,0.06486,12/5/19,16.153,16.153
2019-12-06,"3,145.91",0.0148,0.13053,0.06486,12/6/19,16.1437,16.1437
2019-12-09,"3,135.96",0.01498,0.13053,0.06486,12/9/19,16.1504,16.1504
2019-12-10,"3,132.52",0.01515,0.13053,0.06486,12/10/19,16.1627,16.1627
2019-12-11,"3,141.63",0.0152,0.12896,0.06244,12/11/19,16.1649,16.1649
2019-12-12,"3,168.57",0.0153,0.12896,0.06244,12/12/19,16.1627,16.1627
2019-12-13,"3,168.80",0.01523,0.12896,0.06244,12/13/19,16.139,16.139
2019-12-16,"3,191.45",0.01525,0.12896,0.06244,12/16/19,16.1144,16.1144
2019-12-17,"3,192.52",0.0153,0.12896,0.06244,12/17/19,16.0906,16.0906
2019-12-18,"3,191.14",0.01518,0.11396,0.05231,12/18/19,16.0609,16.0609
2019-12-19,"3,205.37",0.01533,0.11396,0.05231,12/19/19,16.0289,16.0289
2019-12-20,"3,221.22",0.01528,0.11396,0.05231,12/20/19,16.0064,16.0064
2019-12-23,"3,224.01",0.0152,0.11396,0.05231,12/23/19,15.9792,15.9792
2019-12-24,"3,223.38",0.01538,0.11396,0.05231,12/24/19,15.9507,15.9507
2019-12-26,"3,239.91",0.01535,0.11245,0.05028,12/26/19,15.9225,15.9225
2019-12-27,"3,240.02",0.01518,0.11245,0.05028,12/27/19,15.8946,15.8946
2019-12-30,"3,221.29",0.0149,0.11245,0.05028,12/30/19,15.8806,15.8806
2019-12-31,"3,230.78",0.01505,0.11245,0.05028,12/31/19,15.8717,15.8717
2020-01-02,"3,257.85",0.01495,0.11169,0.04794,1/2/20,15.8436,15.8436
2020-01-03,"3,234.85",0.01473,0.11169,0.04794,1/3/20,15.8287,15.8287
2020-01-06,"3,246.28",0.01488,0.11169,0.04794,1/6/20,15.7976,15.7976
2020-01-07,"3,237.18",0.015,0.11169,0.04794,1/7/20,15.7616,15.7616
2020-01-08,"3,253.05",0.01493,0.10926,0.04467,1/8/20,15.7178,15.7178
2020-01-09,"3,274.70",0.015,0.10926,0.04467,1/9/20,15.6814,15.6814
2020-01-10,"3,265.35",0.01498,0.10926,0.04467,1/10/20,15.6529,15.6529
2020-01-13,"3,288.13",0.0151,0.10926,0.04467,1/13/20,15.618,15.618
2020-01-14,"3,283.15",0.0153,0.10926,0.04467,1/14/20,15.5728,15.5728
2020-01-15,"3,289.29",0.01508,0.1046,0.03888,1/15/20,15.5072,15.5072
2020-01-16,"3,316.81",0.01518,0.1046,0.03888,1/16/20,15.4238,15.4238
2020-01-17,"3,329.62",0.01523,0.1046,0.03888,1/17/20,15.3496,15.3496
2020-01-21,"3,320.79",0.01503,0.1046,0.03888,1/21/20,15.287,15.287
2020-01-22,"3,321.75",0.01513,0.1045,0.03776,1/22/20,15.2407,15.2407
2020-01-23,"3,325.54",0.01515,0.1045,0.03776,1/23/20,15.1863,15.1863
2020-01-24,"3,295.47",0.0149,0.1045,0.03776,1/24/20,15.1408,15.1408
2020-01-27,"3,243.63",0.01505,0.1045,0.03776,1/27/20,15.1281,15.1281
2020-01-28,"3,276.24",0.0153,0.1045,0.03776,1/28/20,15.116,15.116
2020-01-29,"3,273.40",0.0152,0.11171,0.05088,1/29/20,15.1105,15.1105
2020-01-30,"3,283.66",0.01528,0.11171,0.05088,1/30/20,15.1096,15.1096
2020-01-31,"3,225.52",0.0151,0.11171,0.05088,1/31/20,15.134,15.134
2020-02-03,"3,248.92",0.01518,0.11171,0.05088,2/3/20,15.147,15.147
2020-02-04,"3,297.59",0.01538,0.11171,0.05088,2/4/20,15.1371,15.1371
2020-02-05,"3,334.69",0.0152,0.10161,0.04131,2/5/20,15.1084,15.1084
2020-02-06,"3,345.78",0.0153,0.10161,0.04131,2/6/20,15.0783,15.0783
2020-02-07,"3,327.71",0.01518,0.10161,0.04131,2/7/20,15.06,15.06
2020-02-10,"3,352.09",0.0152,0.10161,0.04131,2/10/20,15.0389,15.0389
2020-02-11,"3,357.75",0.01538,0.10161,0.04131,2/11/20,15.0175,15.0175
2020-02-12,"3,379.45",0.01535,0.11077,0.03991,2/12/20,14.9719,14.9719
2020-02-13,"3,373.94",0.01545,0.11077,0.03991,2/13/20,14.932,14.932
2020-02-14,"3,380.16",0.01535,0.11077,0.03991,2/14/20,14.91,14.91
2020-02-18,"3,370.29",0.01535,0.11077,0.03991,2/18/20,14.8773,14.8773
2020-02-19,"3,386.15",0.01543,0.10656,0.04162,2/19/20,14.8471,14.8471
2020-02-20,"3,373.23",0.01538,0.10656,0.04162,2/20/20,14.8259,14.8259
2020-02-21,"3,337.75",0.01518,0.10656,0.04162,2/21/20,14.8333,14.8333
2020-02-24,"3,225.89",0.01503,0.10656,0.04162,2/24/20,14.9049,14.9049
2020-02-25,"3,128.21",0.0149,0.10656,0.04162,2/25/20,15.0176,15.0176
2020-02-26,"3,116.39",0.01478,0.14477,0.0869,2/26/20,15.1286,15.1286
2020-02-27,"2,978.76",0.01395,0.14477,0.0869,2/27/20,15.328,15.328
2020-02-28,"2,954.22",0.0123,0.14477,0.0869,2/28/20,15.5229,15.5229
2020-03-02,"3,090.23",0.01135,0.14477,0.0869,3/2/20,15.6927,15.6927
2020-03-03,"3,003.37",0.00918,0.14477,0.0869,3/3/20,15.8973,15.8973
2020-03-04,"3,130.12",0.00675,0.14477,0.0869,3/4/20,16.0456,16.0456
2020-03-05,"3,023.94",0.00595,0.16138,0.07667,3/5/20,16.2857,16.2857
2020-03-06,"2,972.37",0.00415,0.16138,0.07667,3/6/20,16.5942,16.5942
2020-03-09,"2,746.56",0.0033,0.16138,0.07667,3/9/20,17.0148,17.0148
2020-03-10,"2,882.23",0.0039,0.16138,0.07667,3/10/20,17.3443,17.3443
2020-03-11,"2,741.38",0.00368,0.22701,0.19566,3/11/20,17.7687,17.7687
2020-03-12,"2,480.64",0.00273,0.22701,0.19566,3/12/20,18.4048,18.4048
2020-03-13,"2,711.02",0.00243,0.22701,0.19566,3/13/20,18.8693,18.8693
2020-03-16,"2,386.13",0.00185,0.22701,0.19566,3/16/20,19.6636,19.6636
2020-03-17,"2,529.19",0.00165,0.22701,0.19566,3/17/20,20.3417,20.3417
2020-03-18,"2,398.10",3e-05,0.24066,0.33483,3/18/20,21.1802,21.1802
2020-03-19,"2,409.39",-0.00028,0.24066,0.33483,3/19/20,21.9507,21.9507
2020-03-20,"2,304.92",-0.00033,0.24066,0.33483,3/20/20,22.6411,22.6411
2020-03-23,"2,237.40",-0.0004,0.24066,0.33483,3/23/20,23.1811,23.1811
2020-03-24,"2,447.33",-0.00033,0.24066,0.33483,3/24/20,23.6145,23.6145
2020-03-25,"2,475.56",-0.0007,0.21626,0.20173,3/25/20,24.1009,24.1009
2020-03-26,"2,630.07",-0.00105,0.21626,0.20173,3/26/20,24.5513,24.5513
2020-03-27,"2,541.47",-0.00058,0.21626,0.20173,3/27/20,25.0791,25.0791
2020-03-30,"2,626.65",0.00013,0.21626,0.20173,3/30/20,25.5771,25.5771
2020-03-31,"2,584.59",0.0003,0.21626,0.20173,3/31/20,26.0749,26.0749
2020-04-01,"2,470.50",0.00063,0.25235,0.26292,4/1/20,26.6806,26.6806
2020-04-02,"2,526.90",0.00065,0.25235,0.26292,4/2/20,27.2333,27.2333
2020-04-03,"2,488.65",0.00058,0.25235,0.26292,4/3/20,27.7364,27.7364
2020-04-06,"2,663.68",0.0006,0.25235,0.26292,4/6/20,28.1172,28.1172
2020-04-07,"2,659.41",0.00128,0.25235,0.26292,4/7/20,28.4741,28.4741
2020-04-08,"2,749.98",0.00185,0.22499,0.21209,4/8/20,28.8076,28.8076
2020-04-09,"2,789.82",0.0021,0.22499,0.21209,4/9/20,29.0371,29.0371
2020-04-13,"2,761.63",0.002,0.22499,0.21209,4/13/20,29.2852,29.2852
2020-04-14,"2,846.06",0.00165,0.22499,0.21209,4/14/20,29.5318,29.5318
2020-04-15,"2,783.36",0.00115,0.22715,0.2162,4/15/20,29.7915,29.7915
2020-04-16,"2,799.55",0.0011,0.22715,0.2162,4/16/20,30.1038,30.1038
2020-04-17,"2,874.56",0.00103,0.22715,0.2162,4/17/20,30.2931,30.2931
2020-04-20,"2,823.16",0.0007,0.22715,0.2162,4/20/20,30.4594,30.4594
2020-04-21,"2,736.56",0.00098,0.22715,0.2162,4/21/20,30.5634,30.5634
2020-04-22,"2,799.31",0.00093,0.23643,0.2491,4/22/20,30.7038,30.7038
2020-04-23,"2,797.80",0.00093,0.23643,0.2491,4/23/20,30.7662,30.7662
2020-04-24,"2,836.74",0.001,0.23643,0.2491,4/24/20,30.5788,30.5788
2020-04-27,"2,878.48",0.00093,0.23643,0.2491,4/27/20,30.5134,30.5134
2020-04-28,"2,863.39",0.00085,0.23643,0.2491,4/28/20,30.0875,30.0875
2020-04-29,"2,939.51",0.0009,0.20561,0.19888,4/29/20,29.7427,29.7427
2020-04-30,"2,912.43",0.0009,0.20561,0.19888,4/30/20,29.293,29.293
2020-05-01,"2,830.71",0.00093,0.20561,0.19888,5/1/20,28.9739,28.9739
2020-05-04,"2,842.74",0.0009,0.20561,0.19888,5/4/20,28.7222,28.7222
2020-05-05,"2,868.44",0.0011,0.20561,0.19888,5/5/20,28.6011,28.6011
2020-05-06,"2,848.42",0.00108,0.22119,0.23686,5/6/20,28.5958,28.5958
2020-05-07,"2,881.19",0.00095,0.22119,0.23686,5/7/20,28.5162,28.5162
2020-05-08,"2,929.80",0.00095,0.22119,0.23686,5/8/20,28.4321,28.4321
2020-05-11,"2,930.19",0.00105,0.22119,0.23686,5/11/20,28.2471,28.2471
2020-05-12,"2,870.12",0.00123,0.22119,0.23686,5/12/20,28.1354,28.1354
2020-05-13,"2,820.00",0.00115,0.22119,0.23686,5/13/20,28.0607,28.0607
2020-05-14,"2,852.50",0.00105,0.22119,0.23686,5/14/20,27.8686,27.8686
2020-05-15,"2,863.70",0.00103,0.22119,0.23686,5/15/20,27.7108,27.7108
2020-05-18,"2,953.91",0.00105,0.22119,0.23686,5/18/20,27.5165,27.5165
2020-05-19,"2,922.94",0.00118,0.22119,0.23686,5/19/20,27.4079,27.4079
2020-05-20,"2,971.61",0.00118,0.2283,0.19997,5/20/20,27.2545,27.2545
2020-05-21,"2,948.51",0.0011,0.2283,0.19997,5/21/20,27.1492,27.1492
2020-05-22,"2,955.45",0.0011,0.2283,0.19997,5/22/20,27.0607,27.0607
2020-05-26,"2,991.77",0.00118,0.2283,0.19997,5/26/20,26.9349,26.9349
2020-05-27,"3,036.13",0.00135,0.18986,0.14434,5/27/20,26.8191,26.8191
2020-05-28,"3,029.73",0.00138,0.18986,0.14434,5/28/20,26.6754,26.6754
2020-05-29,"3,044.31",0.00128,0.18986,0.14434,5/29/20,26.5182,26.5182
2020-06-01,"3,055.73",0.00128,0.18986,0.14434,6/1/20,26.3769,26.3769
2020-06-02,"3,080.82",0.00145,0.18986,0.14434,6/2/20,26.1789,26.1789
2020-06-03,"3,122.87",0.00148,0.18257,0.1338,6/3/20,25.9053,25.9053
2020-06-04,"3,112.35",0.0014,0.18257,0.1338,6/4/20,25.6648,25.6648
2020-06-05,"3,193.93",0.00145,0.18257,0.1338,6/5/20,25.3738,25.3738
2020-06-08,"3,232.39",0.00153,0.18257,0.1338,6/8/20,25.1256,25.1256
2020-06-09,"3,207.18",0.00165,0.18257,0.1338,6/9/20,24.9638,24.9638
2020-06-10,"3,190.14",0.00165,0.17949,0.12958,6/10/20,24.8019,24.8019
2020-06-11,"3,002.10",0.00153,0.17949,0.12958,6/11/20,24.845,24.845
2020-06-12,"3,041.31",0.0015,0.17949,0.12958,6/12/20,24.8136,24.8136
2020-06-15,"3,066.59",0.00155,0.17949,0.12958,6/15/20,24.7063,24.7063
2020-06-16,"3,124.74",0.0016,0.17949,0.12958,6/16/20,24.6103,24.6103
2020-06-17,"3,113.49",0.00165,0.19224,0.16661,6/17/20,24.533,24.533
2020-06-18,"3,115.34",0.0014,0.19224,0.16661,6/18/20,24.4529,24.4529
2020-06-19,"3,097.74",0.00143,0.19224,0.16661,6/19/20,24.4116,24.4116
2020-06-22,"3,117.86",0.0014,0.19224,0.16661,6/22/20,24.3997,24.3997
2020-06-23,"3,131.29",0.0014,0.19224,0.16661,6/23/20,24.3991,24.3991
2020-06-24,"3,050.33",0.00135,0.20441,0.17881,6/24/20,24.3961,24.3961
2020-06-25,"3,083.76",0.0013,0.20441,0.17881,6/25/20,24.328,24.328
2020-06-26,"3,009.05",0.00133,0.20441,0.17881,6/26/20,24.3031,24.3031
2020-06-29,"3,053.24",0.00125,0.20441,0.17881,6/29/20,24.2579,24.2579
2020-06-30,"3,100.29",0.00135,0.20441,0.17881,6/30/20,24.2473,24.2473
2020-07-01,"3,115.86",0.0013,0.18685,0.14396,7/1/20,24.2036,24.2036
2020-07-02,"3,130.01",0.00133,0.18685,0.14396,7/2/20,24.1726,24.1726
2020-07-06,"3,179.72",0.00128,0.18685,0.14396,7/6/20,24.1114,24.1114
2020-07-07,"3,145.32",0.0014,0.18685,0.14396,7/7/20,24.0786,24.0786
2020-07-08,"3,169.94",0.00135,0.18378,0.14136,7/8/20,24.0556,24.0556
2020-07-09,"3,152.05",0.00123,0.18378,0.14136,7/9/20,24.0686,24.0686
2020-07-10,"3,185.04",0.0012,0.18378,0.14136,7/10/20,24.0498,24.0498
2020-07-13,"3,155.22",0.00125,0.18378,0.14136,7/13/20,24.0826,24.0826
2020-07-14,"3,197.52",0.00133,0.18378,0.14136,7/14/20,24.0943,24.0943
2020-07-15,"3,226.56",0.00125,0.1872,0.14709,7/15/20,24.1066,24.1066
2020-07-16,"3,215.57",0.00103,0.1872,0.14709,7/16/20,24.1228,24.1228
2020-07-17,"3,224.73",0.00105,0.1872,0.14709,7/17/20,24.1269,24.1269
2020-07-20,"3,251.84",0.00105,0.1872,0.14709,7/20/20,24.1492,24.1492
2020-07-21,"3,257.30",0.0011,0.1872,0.14709,7/21/20,24.177,24.177
2020-07-22,"3,276.02",0.001,0.17247,0.12895,7/22/20,24.162,24.162
2020-07-23,"3,235.66",0.00103,0.17247,0.12895,7/23/20,24.1731,24.1731
2020-07-24,"3,215.63",0.00098,0.17247,0.12895,7/24/20,24.0376,24.0376
2020-07-27,"3,239.41",0.00093,0.17247,0.12895,7/27/20,23.9319,23.9319
2020-07-28,"3,218.44",0.00103,0.17247,0.12895,7/28/20,23.8614,23.8614
2020-07-29,"3,258.44",0.0009,0.17378,0.13708,7/29/20,23.7819,23.7819
2020-07-30,"3,246.22",0.00085,0.17378,0.13708,7/30/20,23.7238,23.7238
2020-07-31,"3,271.12",0.00083,0.17378,0.13708,7/31/20,23.638,23.638
2020-08-03,"3,294.61",0.00078,0.17378,0.13708,8/3/20,23.53,23.53
2020-08-04,"3,306.51",0.0009,0.17378,0.13708,8/4/20,23.4293,23.4293
2020-08-05,"3,327.77",0.00095,0.16569,0.13254,8/5/20,23.331,23.331
2020-08-06,"3,349.16",0.00088,0.16569,0.13254,8/6/20,23.1855,23.1855
2020-08-07,"3,351.28",0.00088,0.16569,0.13254,8/7/20,23.0656,23.0656
2020-08-10,"3,360.47",0.00088,0.16569,0.13254,8/10/20,22.9137,22.9137
2020-08-11,"3,333.69",0.001,0.16569,0.13254,8/11/20,22.8127,22.8127
2020-08-12,"3,380.35",0.001,0.17308,0.12361,8/12/20,22.7213,22.7213
2020-08-13,"3,373.43",0.0009,0.17308,0.12361,8/13/20,22.6545,22.6545
2020-08-14,"3,372.85",0.00088,0.17308,0.12361,8/14/20,22.6106,22.6106
2020-08-17,"3,381.99",0.00085,0.17308,0.12361,8/17/20,22.5658,22.5658
2020-08-18,"3,389.78",0.001,0.17308,0.12361,8/18/20,22.4904,22.4904
2020-08-19,"3,374.85",0.00095,0.17424,0.12123,8/19/20,22.4418,22.4418
2020-08-20,"3,385.51",0.00088,0.17424,0.12123,8/20/20,22.3745,22.3745
2020-08-21,"3,397.16",0.00088,0.17424,0.12123,8/21/20,22.3233,22.3233
2020-08-24,"3,431.28",0.00085,0.17424,0.12123,8/24/20,22.2225,22.2225
2020-08-25,"3,443.62",0.00095,0.17424,0.12123,8/25/20,22.1518,22.1518
2020-08-26,"3,478.73",0.00093,0.16703,0.11332,8/26/20,22.0988,22.0988
2020-08-27,"3,484.55",0.00095,0.16703,0.11332,8/27/20,22.0631,22.0631
2020-08-28,"3,508.01",0.00095,0.16703,0.11332,8/28/20,22.0287,22.0287
2020-08-31,"3,500.31",0.00095,0.16703,0.11332,8/31/20,22.0601,22.0601
2020-09-01,"3,526.65",0.001,0.16703,0.11332,9/1/20,22.0809,22.0809
2020-09-02,"3,580.84",0.001,0.17961,0.13487,9/2/20,22.1295,22.1295
2020-09-03,"3,455.06",0.001,0.17961,0.13487,9/3/20,22.1852,22.1852
2020-09-04,"3,426.96",0.00103,0.17961,0.13487,9/4/20,22.2202,22.2202
2020-09-08,"3,331.84",0.00108,0.17961,0.13487,9/8/20,22.276,22.276
2020-09-09,"3,398.96",0.00105,0.1836,0.14561,9/9/20,22.2928,22.2928
2020-09-10,"3,339.19",0.00103,0.1836,0.14561,9/10/20,22.3418,22.3418
2020-09-11,"3,340.97",0.00103,0.1836,0.14561,9/11/20,22.3435,22.3435
2020-09-14,"3,383.54",0.001,0.1836,0.14561,9/14/20,22.3553,22.3553
2020-09-15,"3,401.20",0.001,0.1836,0.14561,9/15/20,22.3675,22.3675
2020-09-16,"3,385.49",0.001,0.1836,0.14561,9/16/20,22.4023,22.4023
2020-09-17,"3,357.01",0.00085,0.18666,0.14292,9/17/20,22.4603,22.4603
2020-09-18,"3,319.47",0.00083,0.18666,0.14292,9/18/20,22.5379,22.5379
2020-09-21,"3,281.06",0.0008,0.18666,0.14292,9/21/20,22.6315,22.6315
2020-09-22,"3,315.57",0.00088,0.18666,0.14292,9/22/20,22.7207,22.7207
2020-09-23,"3,236.92",0.00088,0.19022,0.14571,9/23/20,22.8182,22.8182
2020-09-24,"3,246.59",0.00093,0.19022,0.14571,9/24/20,22.9292,22.9292
2020-09-25,"3,298.46",0.0009,0.19022,0.14571,9/25/20,23.0142,23.0142
2020-09-28,"3,351.60",0.00088,0.19022,0.14571,9/28/20,23.0749,23.0749
2020-09-29,"3,335.47",0.00085,0.19022,0.14571,9/29/20,23.1481,23.1481
2020-09-30,"3,363.00",0.00085,0.18981,0.14801,9/30/20,23.2083,23.2083
2020-10-01,"3,380.80",0.00083,0.18981,0.14801,10/1/20,23.2784,23.2784
2020-10-02,"3,348.42",0.00085,0.18981,0.14801,10/2/20,23.3698,23.3698
2020-10-05,"3,408.60",0.00085,0.18981,0.14801,10/5/20,23.4349,23.4349
2020-10-06,"3,360.97",0.00088,0.18981,0.14801,10/6/20,23.5289,23.5289
2020-10-07,"3,419.44",0.00088,0.19499,0.16394,10/7/20,23.592,23.592
2020-10-08,"3,446.83",0.00088,0.19499,0.16394,10/8/20,23.6331,23.6331
2020-10-09,"3,477.14",0.00093,0.19499,0.16394,10/9/20,23.6467,23.6467
2020-10-12,"3,534.22",0.0009,0.19499,0.16394,10/12/20,23.6495,23.6495
2020-10-13,"3,511.93",0.00093,0.19499,0.16394,10/13/20,23.6164,23.6164
2020-10-14,"3,488.67",0.001,0.17573,0.13959,10/14/20,23.5964,23.5964
2020-10-15,"3,483.34",0.00095,0.17573,0.13959,10/15/20,23.5581,23.5581
2020-10-16,"3,483.81",0.0009,0.17573,0.13959,10/16/20,23.5045,23.5045
2020-10-19,"3,426.92",0.0009,0.17573,0.13959,10/19/20,23.4795,23.4795
2020-10-20,"3,443.12",0.00095,0.17573,0.13959,10/20/20,23.4467,23.4467
2020-10-21,"3,435.56",0.0009,0.1826,0.14681,10/21/20,23.4363,23.4363
2020-10-22,"3,453.49",0.00085,0.1826,0.14681,10/22/20,23.3954,23.3954
2020-10-23,"3,465.39",0.00083,0.1826,0.14681,10/23/20,23.3528,23.3528
2020-10-26,"3,400.97",0.0008,0.1826,0.14681,10/26/20,23.367,23.367
2020-10-27,"3,390.68",0.0009,0.1826,0.14681,10/27/20,23.3884,23.3884
2020-10-28,"3,271.03",0.0009,0.19729,0.18173,10/28/20,23.4635,23.4635
2020-10-29,"3,310.11",0.00083,0.19729,0.18173,10/29/20,23.4922,23.4922
2020-10-30,"3,269.96",0.00083,0.19729,0.18173,10/30/20,23.5204,23.5204
2020-11-02,"3,310.24",0.00083,0.19729,0.18173,11/2/20,23.4985,23.4985
2020-11-03,"3,369.16",0.0009,0.19729,0.18173,11/3/20,23.4718,23.4718
2020-11-04,"3,443.44",0.00083,0.17188,0.14134,11/4/20,23.3606,23.3606
2020-11-05,"3,510.45",0.00085,0.17188,0.14134,11/5/20,23.2526,23.2526
2020-11-06,"3,509.44",0.00083,0.17188,0.14134,11/6/20,23.1525,23.1525
2020-11-09,"3,550.50",0.00088,0.17188,0.14134,11/9/20,23.0484,23.0484
2020-11-10,"3,545.53",0.0009,0.17188,0.14134,11/10/20,22.936,22.936
2020-11-11,"3,572.66",0.0009,0.1707,0.10669,11/11/20,22.8398,22.8398
2020-11-12,"3,537.01",0.00085,0.1707,0.10669,11/12/20,22.7354,22.7354
2020-11-13,"3,585.15",0.00083,0.1707,0.10669,11/13/20,22.601,22.601
2020-11-16,"3,626.91",0.00075,0.1707,0.10669,11/16/20,22.4888,22.4888
2020-11-17,"3,609.53",0.0008,0.1707,0.10669,11/17/20,22.3597,22.3597
2020-11-18,"3,567.79",0.00075,0.16755,0.10869,11/18/20,22.2775,22.2775
2020-11-19,"3,581.87",0.0006,0.16755,0.10869,11/19/20,22.2003,22.2003
2020-11-20,"3,557.54",0.00058,0.16755,0.10869,11/20/20,22.1516,22.1516
2020-11-23,"3,577.59",0.0007,0.16755,0.10869,11/23/20,22.1083,22.1083
2020-11-24,"3,635.41",0.0008,0.16755,0.10869,11/24/20,22.047,22.047
2020-11-25,"3,629.65",0.0008,0.16649,0.10546,11/25/20,21.9788,21.9788
2020-11-27,"3,638.35",0.00073,0.16649,0.10546,11/27/20,21.9081,21.9081
2020-11-30,"3,621.63",0.00075,0.16649,0.10546,11/30/20,21.8214,21.8214
2020-12-01,"3,662.45",0.0008,0.16649,0.10546,12/1/20,21.7251,21.7251
2020-12-02,"3,669.01",0.00075,0.16752,0.10749,12/2/20,21.6282,21.6282
2020-12-03,"3,666.72",0.00075,0.16752,0.10749,12/3/20,21.5302,21.5302
2020-12-04,"3,699.12",0.00075,0.16752,0.10749,12/4/20,21.4319,21.4319
2020-12-07,"3,691.96",0.0007,0.16752,0.10749,12/7/20,21.3648,21.3648
2020-12-08,"3,702.25",0.00068,0.16752,0.10749,12/8/20,21.2448,21.2448
2020-12-09,"3,672.82",0.0007,0.16329,0.10933,12/9/20,21.1381,21.1381
2020-12-10,"3,668.10",0.0007,0.16329,0.10933,12/10/20,20.9705,20.9705
2020-12-11,"3,663.46",0.00065,0.16329,0.10933,12/11/20,20.847,20.847
2020-12-14,"3,647.49",0.0006,0.16329,0.10933,12/14/20,20.7265,20.7265
2020-12-15,"3,694.62",0.0007,0.16329,0.10933,12/15/20,20.6164,20.6164
2020-12-16,"3,701.17",0.00075,0.16609,0.112,12/16/20,20.5137,20.5137
2020-12-17,"3,722.48",0.0008,0.16609,0.112,12/17/20,20.4603,20.4603
2020-12-18,"3,709.41",0.0008,0.16609,0.112,12/18/20,20.4213,20.4213
2020-12-21,"3,694.92",0.00078,0.16609,0.112,12/21/20,20.4124,20.4124
2020-12-22,"3,687.26",0.00078,0.16609,0.112,12/22/20,20.4252,20.4252
2020-12-23,"3,690.01",0.00075,0.16081,0.11728,12/23/20,20.4342,20.4342
2020-12-24,"3,703.06",0.00075,0.16081,0.11728,12/24/20,20.4327,20.4327
2020-12-28,"3,735.36",0.0008,0.16081,0.11728,12/28/20,20.4129,20.4129
2020-12-29,"3,727.04",0.0009,0.16081,0.11728,12/29/20,20.4262,20.4262
2020-12-30,"3,732.04",0.0007,0.16338,0.11732,12/30/20,20.4327,20.4327
2020-12-31,"3,756.07",0.00065,0.16338,0.11732,12/31/20,20.435,20.435
2021-01-04,"3,700.65",0.00068,0.16338,0.11732,1/4/21,20.4551,20.4551
2021-01-05,"3,726.86",0.00078,0.16338,0.11732,1/5/21,20.4726,20.4726
2021-01-06,"3,748.14",0.00078,0.16597,0.12252,1/6/21,20.4758,20.4758
2021-01-07,"3,803.79",0.0008,0.16597,0.12252,1/7/21,20.4629,20.4629
2021-01-08,"3,824.68",0.0008,0.16597,0.12252,1/8/21,20.4614,20.4614
2021-01-11,"3,799.61",0.0008,0.16597,0.12252,1/11/21,20.4917,20.4917
2021-01-12,"3,801.19",0.0008,0.16597,0.12252,1/12/21,20.5139,20.5139
2021-01-13,"3,809.84",0.0008,0.16015,0.11745,1/13/21,20.536,20.536
2021-01-14,"3,795.54",0.00075,0.16015,0.11745,1/14/21,20.5547,20.5547
2021-01-15,"3,768.25",0.00075,0.16015,0.11745,1/15/21,20.5842,20.5842
2021-01-19,"3,798.91",0.00073,0.16015,0.11745,1/19/21,20.6138,20.6138
2021-01-20,"3,851.85",0.00075,0.158,0.11559,1/20/21,20.6439,20.6439
2021-01-21,"3,853.07",0.00073,0.158,0.11559,1/21/21,20.6633,20.6633
2021-01-22,"3,841.47",0.0007,0.158,0.11559,1/22/21,20.7042,20.7042
2021-01-25,"3,855.36",0.0007,0.158,0.11559,1/25/21,20.7391,20.7391
2021-01-26,"3,849.62",0.00068,0.158,0.11559,1/26/21,20.7883,20.7883
2021-01-27,"3,750.77",0.0006,0.18553,0.16506,1/27/21,20.9149,20.9149
2021-01-28,"3,787.38",0.00055,0.18553,0.16506,1/28/21,20.9824,20.9824
2021-01-29,"3,714.24",0.00048,0.18553,0.16506,1/29/21,21.1012,21.1012
2021-02-01,"3,773.86",0.00048,0.18553,0.16506,2/1/21,21.2004,21.2004
2021-02-02,"3,826.31",0.0005,0.18553,0.16506,2/2/21,21.2716,21.2716
2021-02-03,"3,830.17",0.0004,0.16746,0.14213,2/3/21,21.3235,21.3235
2021-02-04,"3,871.74",0.0003,0.16746,0.14213,2/4/21,21.3364,21.3364
2021-02-05,"3,886.83",0.00023,0.16746,0.14213,2/5/21,21.3536,21.3536
2021-02-08,"3,915.59",0.0002,0.16746,0.14213,2/8/21,21.3811,21.3811
2021-02-09,"3,911.23",0.00033,0.16746,0.14213,2/9/21,21.4203,21.4203
2021-02-10,"3,909.88",0.00035,0.17195,0.12067,2/10/21,21.4759,21.4759
2021-02-11,"3,916.38",0.00035,0.17195,0.12067,2/11/21,21.5128,21.5128
2021-02-12,"3,934.83",0.00035,0.17195,0.12067,2/12/21,21.5495,21.5495
2021-02-16,"3,932.59",0.00035,0.17195,0.12067,2/16/21,21.602,21.602
2021-02-17,"3,931.33",0.00035,0.17819,0.13024,2/17/21,21.6197,21.6197
2021-02-18,"3,913.97",0.00023,0.17819,0.13024,2/18/21,21.6547,21.6547
2021-02-19,"3,906.71",0.00023,0.17819,0.13024,2/19/21,21.692,21.692
2021-02-22,"3,876.50",0.00025,0.17819,0.13024,2/22/21,21.7644,21.7644
2021-02-23,"3,881.37",0.00023,0.17819,0.13024,2/23/21,21.8306,21.8306
2021-02-24,"3,925.43",0.00028,0.16962,0.12556,2/24/21,21.8533,21.8533
2021-02-25,"3,829.34",0.00033,0.16962,0.12556,2/25/21,21.9285,21.9285
2021-02-26,"3,811.15",0.00035,0.16962,0.12556,2/26/21,21.9979,21.9979
2021-03-01,"3,901.82",0.00028,0.16962,0.12556,3/1/21,22.0211,22.0211
2021-03-02,"3,870.29",0.00035,0.16962,0.12556,3/2/21,22.0424,22.0424
2021-03-03,"3,819.72",0.00035,0.17317,0.13419,3/3/21,22.0855,22.0855
2021-03-04,"3,768.47",0.00028,0.17317,0.13419,3/4/21,22.1546,22.1546
2021-03-05,"3,841.94",0.00028,0.17317,0.13419,3/5/21,22.1821,22.1821
2021-03-08,"3,821.35",0.00035,0.17317,0.13419,3/8/21,22.2013,22.2013
2021-03-09,"3,875.44",0.00035,0.17317,0.13419,3/9/21,22.2005,22.2005
2021-03-10,"3,898.81",0.0003,0.16299,0.12029,3/10/21,22.1807,22.1807
2021-03-11,"3,939.34",0.00028,0.16299,0.12029,3/11/21,22.0571,22.0571
2021-03-12,"3,943.34",0.00025,0.16299,0.12029,3/12/21,21.9748,21.9748
2021-03-15,"3,968.94",0.00015,0.16299,0.12029,3/15/21,21.8549,21.8549
2021-03-16,"3,962.71",8e-05,0.16299,0.12029,3/16/21,21.7693,21.7693
2021-03-17,"3,974.12",8e-05,0.15857,0.10954,3/17/21,21.695,21.695
2021-03-18,"3,915.46",3e-05,0.15857,0.10954,3/18/21,21.6489,21.6489
2021-03-19,"3,913.10",5e-05,0.15857,0.10954,3/19/21,21.6256,21.6256
2021-03-22,"3,940.59",5e-05,0.15857,0.10954,3/22/21,21.5692,21.5692
2021-03-23,"3,910.52",0.0001,0.15857,0.10954,3/23/21,21.5147,21.5147
2021-03-24,"3,889.14",0.00015,0.15763,0.11251,3/24/21,21.4679,21.4679
2021-03-25,"3,909.52",0.00015,0.15763,0.11251,3/25/21,21.3943,21.3943
2021-03-26,"3,974.54",0.00015,0.15763,0.11251,3/26/21,21.298,21.298
2021-03-29,"3,971.09",8e-05,0.15763,0.11251,3/29/21,21.2126,21.2126
2021-03-30,"3,958.55",0.00013,0.15763,0.11251,3/30/21,21.0972,21.0972
2021-03-31,"3,972.89",0.00013,0.14132,0.09206,3/31/21,20.9802,20.9802
2021-04-01,"4,019.87",8e-05,0.14132,0.09206,4/1/21,20.8472,20.8472
2021-04-05,"4,077.91",0.00015,0.14132,0.09206,4/5/21,20.7124,20.7124
2021-04-06,"4,073.94",0.00015,0.14132,0.09206,4/6/21,20.5755,20.5755
2021-04-07,"4,079.95",0.0001,0.13589,0.0826,4/7/21,20.4433,20.4433
2021-04-08,"4,097.17",5e-05,0.13589,0.0826,4/8/21,20.3276,20.3276
2021-04-09,"4,128.80",3e-05,0.13589,0.0826,4/9/21,20.1659,20.1659
2021-04-12,"4,127.99",0.0001,0.13589,0.0826,4/12/21,20.0173,20.0173
2021-04-13,"4,141.59",0.00015,0.13589,0.0826,4/13/21,19.9052,19.9052
2021-04-14,"4,124.66",0.00015,0.13873,0.0885,4/14/21,19.7885,19.7885
2021-04-15,"4,170.42",0.0001,0.13873,0.0885,4/15/21,19.6469,19.6469
2021-04-16,"4,185.47",8e-05,0.13873,0.0885,4/16/21,19.4931,19.4931
2021-04-19,"4,163.26",0.00015,0.13873,0.0885,4/19/21,19.3841,19.3841
2021-04-20,"4,134.94",0.00015,0.13873,0.0885,4/20/21,19.2877,19.2877
2021-04-21,"4,173.42",0.00013,0.136,0.08606,4/21/21,19.1878,19.1878
2021-04-22,"4,134.98",0.00015,0.136,0.08606,4/22/21,19.1047,19.1047
2021-04-23,"4,180.17",0.00015,0.136,0.08606,4/23/21,19.0191,19.0191
2021-04-26,"4,187.62",8e-05,0.136,0.08606,4/26/21,18.9366,18.9366
2021-04-27,"4,186.72",0.0001,0.136,0.08606,4/27/21,18.8597,18.8597
2021-04-28,"4,183.18",8e-05,0.13351,0.08441,4/28/21,18.7718,18.7718
2021-04-29,"4,211.47",8e-05,0.13351,0.08441,4/29/21,18.7083,18.7083
2021-04-30,"4,181.17",3e-05,0.13351,0.08441,4/30/21,18.6338,18.6338
2021-05-03,"4,192.66",5e-05,0.13351,0.08441,5/3/21,18.5508,18.5508
2021-05-04,"4,164.66",0.0001,0.13351,0.08441,5/4/21,18.5069,18.5069
2021-05-05,"4,167.59",8e-05,0.13609,0.09283,5/5/21,18.4596,18.4596
2021-05-06,"4,201.62",8e-05,0.13609,0.09283,5/6/21,18.3943,18.3943
2021-05-07,"4,232.60",8e-05,0.13609,0.09283,5/7/21,18.3297,18.3297
2021-05-10,"4,188.43",5e-05,0.13609,0.09283,5/10/21,18.3078,18.3078
2021-05-11,"4,152.10",0.0001,0.13609,0.09283,5/11/21,18.3031,18.3031
2021-05-12,"4,063.04",0.0001,0.16066,0.10217,5/12/21,18.356,18.356
2021-05-13,"4,112.50",8e-05,0.16066,0.10217,5/13/21,18.3828,18.3828
2021-05-14,"4,173.85",5e-05,0.16066,0.10217,5/14/21,18.38,18.38
2021-05-17,"4,163.29",5e-05,0.16066,0.10217,5/17/21,18.391,18.391
2021-05-18,"4,127.83",0.0001,0.16066,0.10217,5/18/21,18.4228,18.4228
2021-05-19,"4,115.68",5e-05,0.16076,0.09879,5/19/21,18.4685,18.4685
2021-05-20,"4,159.12",3e-05,0.16076,0.09879,5/20/21,18.4896,18.4896
2021-05-21,"4,155.86",3e-05,0.16076,0.09879,5/21/21,18.5173,18.5173
2021-05-24,"4,197.05",3e-05,0.16076,0.09879,5/24/21,18.5182,18.5182
2021-05-25,"4,188.13",0.0001,0.16076,0.09879,5/25/21,18.5227,18.5227
2021-05-26,"4,195.99",5e-05,0.14356,0.08569,5/26/21,18.5126,18.5126
2021-05-27,"4,200.88",5e-05,0.14356,0.08569,5/27/21,18.5066,18.5066
2021-05-28,"4,204.11",8e-05,0.14356,0.08569,5/28/21,18.4843,18.4843
2021-06-01,"4,202.04",0.0001,0.14356,0.08569,6/1/21,18.4694,18.4694
2021-06-02,"4,208.12",0.00015,0.13783,0.07972,6/2/21,18.4442,18.4442
2021-06-03,"4,192.85",0.00015,0.13783,0.07972,6/3/21,18.4423,18.4423
2021-06-04,"4,229.89",0.00015,0.13783,0.07972,6/4/21,18.4099,18.4099
2021-06-07,"4,226.52",0.00018,0.13783,0.07972,6/7/21,18.3946,18.3946
2021-06-08,"4,227.26",0.0002,0.13783,0.07972,6/8/21,18.3794,18.3794
2021-06-09,"4,219.55",0.0002,0.13792,0.08174,6/9/21,18.3731,18.3731
2021-06-10,"4,239.18",0.0002,0.13792,0.08174,6/10/21,18.3457,18.3457
2021-06-11,"4,247.44",0.00018,0.13792,0.08174,6/11/21,18.3106,18.3106
2021-06-14,"4,255.15",0.00015,0.13792,0.08174,6/14/21,18.2744,18.2744
2021-06-15,"4,246.59",0.0002,0.13792,0.08174,6/15/21,18.2495,18.2495
2021-06-16,"4,223.70",0.00028,0.13576,0.07791,6/16/21,18.2184,18.2184
2021-06-17,"4,221.86",0.00028,0.13576,0.07791,6/17/21,18.1936,18.1936
2021-06-18,"4,166.45",0.00028,0.13576,0.07791,6/18/21,18.2081,18.2081
2021-06-21,"4,224.79",0.0003,0.13576,0.07791,6/21/21,18.2174,18.2174
2021-06-22,"4,246.44",0.00038,0.13576,0.07791,6/22/21,18.185,18.185
2021-06-23,"4,241.84",0.0004,0.1322,0.07539,6/23/21,18.1304,18.1304
2021-06-24,"4,266.49",0.00043,0.1322,0.07539,6/24/21,18.0219,18.0219
2021-06-25,"4,280.70",0.00043,0.1322,0.07539,6/25/21,17.9445,17.9445
2021-06-28,"4,290.61",0.0004,0.1322,0.07539,6/28/21,17.9113,17.9113
2021-06-29,"4,291.80",0.0004,0.1322,0.07539,6/29/21,17.877,17.877
2021-06-30,"4,297.50",0.0004,0.12906,0.07205,6/30/21,17.8152,17.8152
2021-07-01,"4,319.94",0.0004,0.12906,0.07205,7/1/21,17.7471,17.7471
2021-07-02,"4,352.34",0.00038,0.12906,0.07205,7/2/21,17.6947,17.6947
2021-07-06,"4,343.54",0.0004,0.12906,0.07205,7/6/21,17.644,17.644
2021-07-07,"4,358.13",0.00043,0.12991,0.07586,7/7/21,17.6232,17.6232
2021-07-08,"4,320.82",0.00043,0.12991,0.07586,7/8/21,17.6089,17.6089
2021-07-09,"4,369.55",0.00043,0.12991,0.07586,7/9/21,17.5915,17.5915
2021-07-12,"4,384.63",0.00043,0.12991,0.07586,7/12/21,17.5796,17.5796
2021-07-13,"4,369.21",0.00045,0.12991,0.07586,7/13/21,17.5959,17.5959
2021-07-14,"4,374.30",0.00045,0.13014,0.08261,7/14/21,17.5975,17.5975
2021-07-15,"4,360.03",0.00038,0.13014,0.08261,7/15/21,17.5987,17.5987
2021-07-16,"4,327.16",0.00038,0.13014,0.08261,7/16/21,17.6062,17.6062
2021-07-19,"4,258.49",0.0004,0.13014,0.08261,7/19/21,17.6557,17.6557
2021-07-20,"4,323.06",0.00045,0.13014,0.08261,7/20/21,17.683,17.683
2021-07-21,"4,358.69",0.00045,0.1317,0.08517,7/21/21,17.6962,17.6962
2021-07-22,"4,367.48",0.00043,0.1317,0.08517,7/22/21,17.6991,17.6991
2021-07-23,"4,411.79",0.00045,0.1317,0.08517,7/23/21,17.7155,17.7155
2021-07-26,"4,422.30",0.0004,0.1317,0.08517,7/26/21,17.7433,17.7433
2021-07-27,"4,401.46",0.00045,0.1317,0.08517,7/27/21,17.7766,17.7766
2021-07-28,"4,400.64",0.00045,0.13049,0.08507,7/28/21,17.7968,17.7968
2021-07-29,"4,419.15",0.0004,0.13049,0.08507,7/29/21,17.8035,17.8035
2021-07-30,"4,395.26",0.0004,0.13049,0.08507,7/30/21,17.8146,17.8146
2021-08-02,"4,387.16",0.00038,0.13049,0.08507,8/2/21,17.8049,17.8049
2021-08-03,"4,423.15",0.00045,0.13049,0.08507,8/3/21,17.8019,17.8019
2021-08-04,"4,402.66",0.00045,0.12755,0.0821,8/4/21,17.8273,17.8273
2021-08-05,"4,429.10",0.00043,0.12755,0.0821,8/5/21,17.8434,17.8434
2021-08-06,"4,436.52",0.00043,0.12755,0.0821,8/6/21,17.8631,17.8631
2021-08-09,"4,432.35",0.00045,0.12755,0.0821,8/9/21,17.8919,17.8919
2021-08-10,"4,436.75",0.0005,0.12755,0.0821,8/10/21,17.9195,17.9195
2021-08-11,"4,442.41",0.00045,0.13881,0.06925,8/11/21,17.9353,17.9353
2021-08-12,"4,460.83",0.00043,0.13881,0.06925,8/12/21,17.9481,17.9481
2021-08-13,"4,468.00",0.00045,0.13881,0.06925,8/13/21,17.9587,17.9587
2021-08-16,"4,479.71",0.00058,0.13881,0.06925,8/16/21,17.9768,17.9768
2021-08-17,"4,448.08",0.00063,0.13881,0.06925,8/17/21,18.0051,18.0051
2021-08-18,"4,400.27",0.00055,0.14697,0.08358,8/18/21,18.0534,18.0534
2021-08-19,"4,405.80",0.00043,0.14697,0.08358,8/19/21,18.096,18.096
2021-08-20,"4,441.67",0.00043,0.14697,0.08358,8/20/21,18.131,18.131
2021-08-23,"4,479.53",0.0004,0.14697,0.08358,8/23/21,18.1482,18.1482
2021-08-24,"4,486.23",0.00048,0.14697,0.08358,8/24/21,18.1565,18.1565
2021-08-25,"4,496.19",0.00045,0.13824,0.083,8/25/21,18.162,18.162
2021-08-26,"4,470.00",0.00043,0.13824,0.083,8/26/21,18.1756,18.1756
2021-08-27,"4,509.37",0.00043,0.13824,0.083,8/27/21,18.159,18.159
2021-08-30,"4,528.79",0.00038,0.13824,0.083,8/30/21,18.1149,18.1149
2021-08-31,"4,522.68",0.0004,0.13824,0.083,8/31/21,18.0946,18.0946
2021-09-01,"4,524.09",0.0004,0.13432,0.07893,9/1/21,18.0869,18.0869
2021-09-02,"4,536.95",0.0004,0.13432,0.07893,9/2/21,18.0839,18.0839
2021-09-03,"4,535.43",0.0004,0.13432,0.07893,9/3/21,18.0922,18.0922
2021-09-07,"4,520.03",0.00035,0.13432,0.07893,9/7/21,18.1126,18.1126
2021-09-08,"4,514.07",0.0004,0.14007,0.08793,9/8/21,18.1274,18.1274
2021-09-09,"4,493.28",0.00038,0.14007,0.08793,9/9/21,18.1582,18.1582
2021-09-10,"4,458.58",0.00038,0.14007,0.08793,9/10/21,18.2067,18.2067
2021-09-13,"4,468.73",0.00038,0.14007,0.08793,9/13/21,18.243,18.243
2021-09-14,"4,443.05",0.00035,0.14007,0.08793,9/14/21,18.2715,18.2715
2021-09-15,"4,480.70",0.00035,0.14145,0.09296,9/15/21,18.3076,18.3076
2021-09-16,"4,473.75",0.0003,0.14145,0.09296,9/16/21,18.3384,18.3384
2021-09-17,"4,432.99",0.00028,0.14145,0.09296,9/17/21,18.4063,18.4063
2021-09-20,"4,357.73",0.00025,0.14145,0.09296,9/20/21,18.5173,18.5173
2021-09-21,"4,354.19",0.0002,0.14145,0.09296,9/21/21,18.606,18.606
2021-09-22,"4,395.64",0.00025,0.14965,0.10558,9/22/21,18.6666,18.6666
2021-09-23,"4,448.98",0.00025,0.14965,0.10558,9/23/21,18.7131,18.7131
2021-09-24,"4,455.48",0.00025,0.14965,0.10558,9/24/21,18.7647,18.7647
2021-09-27,"4,443.11",0.00025,0.14965,0.10558,9/27/21,18.8232,18.8232
2021-09-28,"4,352.63",0.0003,0.14965,0.10558,9/28/21,18.9213,18.9213
2021-09-29,"4,359.46",0.0003,0.15303,0.1085,9/29/21,18.9977,18.9977
2021-09-30,"4,307.54",0.00028,0.15303,0.1085,9/30/21,19.0518,19.0518
2021-10-01,"4,357.04",0.00028,0.15303,0.1085,10/1/21,19.0889,19.0889
2021-10-04,"4,300.46",0.00028,0.15303,0.1085,10/4/21,19.1683,19.1683
2021-10-05,"4,345.72",0.00035,0.15303,0.1085,10/5/21,19.2459,19.2459
2021-10-06,"4,363.55",0.0004,0.14928,0.10125,10/6/21,19.3178,19.3178
2021-10-07,"4,399.76",0.0004,0.14928,0.10125,10/7/21,19.3798,19.3798
2021-10-08,"4,391.34",0.0004,0.14928,0.10125,10/8/21,19.4253,19.4253
2021-10-11,"4,361.19",0.0004,0.14928,0.10125,10/11/21,19.4928,19.4928
2021-10-12,"4,350.65",0.0004,0.14928,0.10125,10/12/21,19.5552,19.5552
2021-10-13,"4,363.80",0.00045,0.14603,0.09928,10/13/21,19.6067,19.6067
2021-10-14,"4,438.26",0.0004,0.14603,0.09928,10/14/21,19.6401,19.6401
2021-10-15,"4,471.37",0.00038,0.14603,0.09928,10/15/21,19.6708,19.6708
2021-10-18,"4,486.46",0.00043,0.14603,0.09928,10/18/21,19.7019,19.7019
2021-10-19,"4,519.63",0.0005,0.14603,0.09928,10/19/21,19.7035,19.7035
2021-10-20,"4,536.19",0.0005,0.13216,0.08434,10/20/21,19.6924,19.6924
2021-10-21,"4,549.78",0.0005,0.13216,0.08434,10/21/21,19.6669,19.6669
2021-10-22,"4,544.90",0.0005,0.13216,0.08434,10/22/21,19.6384,19.6384
2021-10-25,"4,566.48",0.0005,0.13216,0.08434,10/25/21,19.6073,19.6073
2021-10-26,"4,574.79",0.0005,0.13216,0.08434,10/26/21,19.5803,19.5803
2021-10-27,"4,551.68",0.0005,0.13316,0.08731,10/27/21,19.5713,19.5713
2021-10-28,"4,596.42",0.00048,0.13316,0.08731,10/28/21,19.5531,19.5531
2021-10-29,"4,605.38",0.00048,0.13316,0.08731,10/29/21,19.5106,19.5106
2021-11-01,"4,613.67",0.0004,0.13316,0.08731,11/1/21,19.4311,19.4311
2021-11-02,"4,630.65",0.00045,0.13316,0.08731,11/2/21,19.3629,19.3629
2021-11-03,"4,660.57",0.00045,0.12899,0.08356,11/3/21,19.3163,19.3163
2021-11-04,"4,680.06",0.00035,0.12899,0.08356,11/4/21,19.2889,19.2889
2021-11-05,"4,697.53",0.0004,0.12899,0.08356,11/5/21,19.2647,19.2647
2021-11-08,"4,701.70",0.00035,0.12899,0.08356,11/8/21,19.2377,19.2377
2021-11-09,"4,685.25",0.0004,0.12899,0.08356,11/9/21,19.1742,19.1742
2021-11-10,"4,646.71",0.00045,0.14973,0.09485,11/10/21,19.1234,19.1234
2021-11-11,"4,649.27",0.0004,0.14973,0.09485,11/11/21,19.0636,19.0636
2021-11-12,"4,682.85",0.00043,0.14973,0.09485,11/12/21,19.0077,19.0077
2021-11-15,"4,682.80",0.00038,0.14973,0.09485,11/15/21,18.933,18.933
2021-11-16,"4,700.90",0.0004,0.14973,0.09485,11/16/21,18.8786,18.8786
2021-11-17,"4,688.67",0.00045,0.14554,0.09446,11/17/21,18.8397,18.8397
2021-11-18,"4,704.54",0.00045,0.14554,0.09446,11/18/21,18.8168,18.8168
2021-11-19,"4,697.96",0.00045,0.14554,0.09446,11/19/21,18.8036,18.8036
2021-11-22,"4,682.94",0.0004,0.14554,0.09446,11/22/21,18.7927,18.7927
2021-11-23,"4,690.70",0.00045,0.14554,0.09446,11/23/21,18.7849,18.7849
2021-11-24,"4,701.46",0.0005,0.1506,0.10239,11/24/21,18.7818,18.7818
2021-11-26,"4,594.62",0.00043,0.1506,0.10239,11/26/21,18.8814,18.8814
2021-11-29,"4,655.27",0.00038,0.1506,0.10239,11/29/21,18.9256,18.9256
2021-11-30,"4,567.00",0.00048,0.1506,0.10239,11/30/21,19.0043,19.0043
2021-12-01,"4,513.04",0.0005,0.16912,0.14821,12/1/21,19.1235,19.1235
2021-12-02,"4,577.10",0.00043,0.16912,0.14821,12/2/21,19.2223,19.2223
2021-12-03,"4,538.43",0.00043,0.16912,0.14821,12/3/21,19.3529,19.3529
2021-12-06,"4,591.67",0.00043,0.16912,0.14821,12/6/21,19.4496,19.4496
2021-12-07,"4,686.75",0.00058,0.16912,0.14821,12/7/21,19.5129,19.5129
2021-12-08,"4,701.21",0.0006,0.14611,0.10725,12/8/21,19.5605,19.5605
2021-12-09,"4,667.45",0.00053,0.14611,0.10725,12/9/21,19.609,19.609
2021-12-10,"4,712.02",0.0005,0.14611,0.10725,12/10/21,19.6459,19.6459
2021-12-13,"4,668.97",0.00043,0.14611,0.10725,12/13/21,19.7042,19.7042
2021-12-14,"4,634.09",0.00048,0.14611,0.10725,12/14/21,19.7777,19.7777
2021-12-15,"4,709.85",0.00045,0.15047,0.10848,12/15/21,19.8257,19.8257
2021-12-16,"4,668.67",0.00035,0.15047,0.10848,12/16/21,19.8937,19.8937
2021-12-17,"4,620.64",0.0003,0.15047,0.10848,12/17/21,19.9923,19.9923
2021-12-20,"4,568.02",0.00038,0.15047,0.10848,12/20/21,20.0982,20.0982
2021-12-21,"4,649.23",0.00065,0.15047,0.10848,12/21/21,20.1682,20.1682
2021-12-22,"4,696.56",0.00065,0.14536,0.10919,12/22/21,20.2136,20.2136
2021-12-23,"4,725.79",0.00058,0.14536,0.10919,12/23/21,20.2456,20.2456
2021-12-27,"4,791.19",0.00043,0.14536,0.10919,12/27/21,20.2717,20.2717
2021-12-28,"4,786.35",0.0005,0.14536,0.10919,12/28/21,20.3057,20.3057
2021-12-29,"4,793.06",0.00045,0.13641,0.1009,12/29/21,20.334,20.334
2021-12-30,"4,778.73",0.00025,0.13641,0.1009,12/30/21,20.3613,20.3613
2021-12-31,"4,766.18",0.00033,0.13641,0.1009,12/31/21,20.3704,20.3704
2022-01-03,"4,796.56",0.00053,0.13641,0.1009,1/3/22,20.3743,20.3743
2022-01-04,"4,793.54",0.0008,0.13641,0.1009,1/4/22,20.3776,20.3776
2022-01-05,"4,700.58",0.00085,0.14007,0.1182,1/5/22,20.398,20.398
2022-01-06,"4,696.05",0.0009,0.14007,0.1182,1/6/22,20.4247,20.4247
2022-01-07,"4,677.03",0.00088,0.14007,0.1182,1/7/22,20.4477,20.4477
2022-01-10,"4,670.29",0.0009,0.14007,0.1182,1/10/22,20.3846,20.3846
2022-01-11,"4,713.07",0.00118,0.14007,0.1182,1/11/22,20.36,20.36
2022-01-12,"4,726.35",0.00115,0.14176,0.10473,1/12/22,20.3014,20.3014
2022-01-13,"4,659.03",0.0011,0.14176,0.10473,1/13/22,20.2385,20.2385
2022-01-14,"4,662.85",0.00118,0.14176,0.10473,1/14/22,20.1939,20.1939
2022-01-18,"4,577.11",0.0013,0.14176,0.10473,1/18/22,20.1499,20.1499
2022-01-19,"4,532.76",0.00165,0.15103,0.13302,1/19/22,20.1368,20.1368
2022-01-20,"4,482.73",0.00168,0.15103,0.13302,1/20/22,20.1868,20.1868
2022-01-21,"4,397.94",0.00158,0.15103,0.13302,1/21/22,20.2713,20.2713
2022-01-24,"4,410.13",0.00155,0.15103,0.13302,1/24/22,20.3398,20.3398
2022-01-25,"4,356.45",0.00185,0.15103,0.13302,1/25/22,20.443,20.443
2022-01-26,"4,349.93",0.00178,0.15646,0.15367,1/26/22,20.5268,20.5268
2022-01-27,"4,326.51",0.00185,0.15646,0.15367,1/27/22,20.5894,20.5894
2022-01-28,"4,431.85",0.00173,0.15646,0.15367,1/28/22,20.647,20.647
2022-01-31,"4,515.55",0.00173,0.15646,0.15367,1/31/22,20.6593,20.6593
2022-02-01,"4,546.54",0.00203,0.15646,0.15367,2/1/22,20.6242,20.6242
2022-02-02,"4,589.38",0.00185,0.13746,0.11073,2/2/22,20.5824,20.5824
2022-02-03,"4,477.44",0.00193,0.13746,0.11073,2/3/22,20.5962,20.5962
2022-02-04,"4,500.53",0.00223,0.13746,0.11073,2/4/22,20.6291,20.6291
2022-02-07,"4,483.87",0.00203,0.13746,0.11073,2/7/22,20.6688,20.6688
2022-02-08,"4,521.54",0.00275,0.13746,0.11073,2/8/22,20.6926,20.6926
2022-02-09,"4,587.18",0.0027,0.14675,0.10984,2/9/22,20.7045,20.7045
2022-02-10,"4,504.08",0.0037,0.14675,0.10984,2/10/22,20.7585,20.7585
2022-02-11,"4,418.64",0.00338,0.14675,0.10984,2/11/22,20.8402,20.8402
2022-02-14,"4,401.67",0.0036,0.14675,0.10984,2/14/22,20.9245,20.9245
2022-02-15,"4,471.07",0.004,0.14675,0.10984,2/15/22,20.9876,20.9876
2022-02-16,"4,475.01",0.00373,0.15492,0.14644,2/16/22,21.0344,21.0344
2022-02-17,"4,380.26",0.00345,0.15492,0.14644,2/17/22,21.092,21.092
2022-02-18,"4,348.87",0.00318,0.15492,0.14644,2/18/22,21.1535,21.1535
2022-02-22,"4,304.76",0.0033,0.15492,0.14644,2/22/22,21.2433,21.2433
2022-02-23,"4,225.50",0.0034,0.17185,0.1675,2/23/22,21.3423,21.3423
2022-02-24,"4,288.70",0.00283,0.17185,0.1675,2/24/22,21.4342,21.4342
2022-02-25,"4,384.65",0.00298,0.17185,0.1675,2/25/22,21.5127,21.5127
2022-02-28,"4,373.94",0.00288,0.17185,0.1675,2/28/22,21.5723,21.5723
2022-03-01,"4,306.26",0.00313,0.17185,0.1675,3/1/22,21.6749,21.6749
2022-03-02,"4,386.54",0.00325,0.16447,0.14241,3/2/22,21.7291,21.7291
2022-03-03,"4,363.49",0.00335,0.16447,0.14241,3/3/22,21.7814,21.7814
2022-03-04,"4,328.87",0.00305,0.16447,0.14241,3/4/22,21.8377,21.8377
2022-03-07,"4,201.09",0.00305,0.16447,0.14241,3/7/22,21.9123,21.9123
2022-03-08,"4,170.70",0.0036,0.16447,0.14241,3/8/22,21.998,21.998
2022-03-09,"4,277.88",0.0037,0.16762,0.16846,3/9/22,22.0341,22.0341
2022-03-10,"4,259.52",0.0036,0.16762,0.16846,3/10/22,22.0603,22.0603
2022-03-11,"4,204.31",0.00365,0.16762,0.16846,3/11/22,22.1137,22.1137
2022-03-14,"4,173.11",0.00378,0.16762,0.16846,3/14/22,22.2149,22.2149
2022-03-15,"4,262.45",0.00448,0.16762,0.16846,3/15/22,22.3236,22.3236
2022-03-16,"4,357.86",0.00433,0.1564,0.14677,3/16/22,22.4001,22.4001
2022-03-17,"4,411.67",0.0036,0.1564,0.14677,3/17/22,22.4552,22.4552
2022-03-18,"4,463.12",0.00383,0.1564,0.14677,3/18/22,22.4724,22.4724
2022-03-21,"4,461.18",0.00455,0.1564,0.14677,3/21/22,22.4859,22.4859
2022-03-22,"4,511.61",0.0052,0.1564,0.14677,3/22/22,22.471,22.471
2022-03-23,"4,456.24",0.0048,0.14429,0.13626,3/23/22,22.5073,22.5073
2022-03-24,"4,520.16",0.00483,0.14429,0.13626,3/24/22,22.5475,22.5475
2022-03-25,"4,543.06",0.0052,0.14429,0.13626,3/25/22,22.5455,22.5455
2022-03-28,"4,575.52",0.00508,0.14429,0.13626,3/28/22,22.5037,22.5037
2022-03-29,"4,631.60",0.00555,0.14429,0.13626,3/29/22,22.4514,22.4514
2022-03-30,"4,602.45",0.00525,0.13976,0.12956,3/30/22,22.4391,22.4391
2022-03-31,"4,530.41",0.00493,0.13976,0.12956,3/31/22,22.4504,22.4504
2022-04-01,"4,545.86",0.005,0.13976,0.12956,4/1/22,22.4191,22.4191
2022-04-04,"4,582.64",0.00538,0.13976,0.12956,4/4/22,22.3692,22.3692
2022-04-05,"4,525.12",0.00668,0.13976,0.12956,4/5/22,22.3284,22.3284
2022-04-06,"4,481.15",0.00663,0.14506,0.14546,4/6/22,22.2929,22.2929
2022-04-07,"4,500.21",0.0066,0.14506,0.14546,4/7/22,22.2761,22.2761
2022-04-08,"4,488.28",0.00668,0.14506,0.14546,4/8/22,22.2726,22.2726
2022-04-11,"4,412.53",0.0068,0.14506,0.14546,4/11/22,22.2865,22.2865
2022-04-12,"4,397.45",0.00738,0.14506,0.14546,4/12/22,22.2699,22.2699
2022-04-13,"4,446.59",0.0074,0.15036,0.15253,4/13/22,22.2515,22.2515
2022-04-14,"4,392.59",0.00748,0.15036,0.15253,4/14/22,22.2455,22.2455
2022-04-18,"4,391.69",0.00755,0.15036,0.15253,4/18/22,22.2199,22.2199
2022-04-19,"4,462.21",0.00833,0.15036,0.15253,4/19/22,22.1441,22.1441
2022-04-20,"4,459.45",0.00795,0.14246,0.14513,4/20/22,22.0437,22.0437
2022-04-21,"4,393.66",0.008,0.14246,0.14513,4/21/22,21.9997,21.9997
2022-04-22,"4,271.78",0.0078,0.14246,0.14513,4/22/22,22.0158,22.0158
2022-04-25,"4,296.12",0.00798,0.14246,0.14513,4/25/22,21.9782,21.9782
2022-04-26,"4,175.20",0.00833,0.14246,0.14513,4/26/22,21.9798,21.9798
2022-04-27,"4,183.96",0.00808,0.16166,0.18648,4/27/22,21.9816,21.9816
2022-04-28,"4,287.50",0.00785,0.16166,0.18648,4/28/22,21.991,21.991
2022-04-29,"4,131.93",0.00808,0.16166,0.18648,4/29/22,22.0766,22.0766
2022-05-02,"4,155.38",0.00765,0.16166,0.18648,5/2/22,22.162,22.162
2022-05-03,"4,175.48",0.00895,0.16166,0.18648,5/3/22,22.2304,22.2304
2022-05-04,"4,300.17",0.00833,0.14361,0.14858,5/4/22,22.2929,22.2929
2022-05-05,"4,146.87",0.00803,0.14361,0.14858,5/5/22,22.3891,22.3891
2022-05-06,"4,123.34",0.00815,0.14361,0.14858,5/6/22,22.4995,22.4995
2022-05-09,"3,991.24",0.008,0.14361,0.14858,5/9/22,22.6547,22.6547
2022-05-10,"4,001.05",0.00878,0.14361,0.14858,5/10/22,22.7937,22.7937
2022-05-11,"3,935.18",0.00883,0.1762,0.20456,5/11/22,22.96,22.96
2022-05-12,"3,930.08",0.00905,0.1762,0.20456,5/12/22,23.0987,23.0987
2022-05-13,"4,023.89",0.00943,0.1762,0.20456,5/13/22,23.2016,23.2016
2022-05-16,"4,008.01",0.0098,0.1762,0.20456,5/16/22,23.3109,23.3109
2022-05-17,"4,088.85",0.01038,0.1762,0.20456,5/17/22,23.413,23.413
2022-05-18,"3,923.68",0.01003,0.17147,0.19726,5/18/22,23.5313,23.5313
2022-05-19,"3,900.79",0.01,0.17147,0.19726,5/19/22,23.6131,23.6131
2022-05-20,"3,901.36",0.00978,0.17147,0.19726,5/20/22,23.6962,23.6962
2022-05-23,"3,973.75",0.00993,0.17147,0.19726,5/23/22,23.7775,23.7775
2022-05-24,"3,941.48",0.01043,0.17147,0.19726,5/24/22,23.8449,23.8449
2022-05-25,"3,978.73",0.01045,0.17045,0.18737,5/25/22,23.8932,23.8932
2022-05-26,"4,057.84",0.01028,0.17045,0.18737,5/26/22,23.9586,23.9586
2022-05-27,"4,158.24",0.01025,0.17045,0.18737,5/27/22,23.9814,23.9814
2022-05-31,"4,132.15",0.0103,0.17045,0.18737,5/31/22,24.0053,24.0053
2022-06-01,"4,101.23",0.01103,0.161,0.18226,6/1/22,24.0371,24.0371
2022-06-02,"4,176.82",0.01113,0.161,0.18226,6/2/22,24.0692,24.0692
2022-06-03,"4,108.54",0.01135,0.161,0.18226,6/3/22,24.0919,24.0919
2022-06-06,"4,121.43",0.0116,0.161,0.18226,6/6/22,24.0655,24.0655
2022-06-07,"4,160.68",0.01225,0.161,0.18226,6/7/22,24.0667,24.0667
2022-06-08,"4,115.77",0.01233,0.16068,0.17794,6/8/22,24.0158,24.0158
2022-06-09,"4,017.82",0.01238,0.16068,0.17794,6/9/22,24.0056,24.0056
2022-06-10,"3,900.86",0.01288,0.16068,0.17794,6/10/22,24.0696,24.0696
2022-06-13,"3,749.63",0.01498,0.16068,0.17794,6/13/22,24.1168,24.1168
2022-06-14,"3,735.48",0.01743,0.16068,0.17794,6/14/22,24.1564,24.1564
2022-06-15,"3,789.99",0.01695,0.16285,0.20236,6/15/22,24.1791,24.1791
2022-06-16,"3,666.77",0.01483,0.16285,0.20236,6/16/22,24.2765,24.2765
2022-06-17,"3,674.84",0.0151,0.16285,0.20236,6/17/22,24.3058,24.3058
2022-06-21,"3,764.79",0.01488,0.16285,0.20236,6/21/22,24.3169,24.3169
2022-06-22,"3,759.89",0.01545,0.1658,0.20089,6/22/22,24.2835,24.2835
2022-06-23,"3,795.73",0.0156,0.1658,0.20089,6/23/22,24.265,24.265
2022-06-24,"3,911.74",0.01598,0.1658,0.20089,6/24/22,24.2265,24.2265
2022-06-27,"3,900.11",0.01633,0.1658,0.20089,6/27/22,24.192,24.192
2022-06-28,"3,821.55",0.01738,0.1658,0.20089,6/28/22,24.1953,24.1953
2022-06-29,"3,818.83",0.01705,0.1633,0.1998,6/29/22,24.1964,24.1964
2022-06-30,"3,785.38",0.016,0.1633,0.1998,6/30/22,24.2235,24.2235
2022-07-01,"3,825.33",0.01603,0.1633,0.1998,7/1/22,24.1914,24.1914
2022-07-05,"3,831.39",0.0163,0.1633,0.1998,7/5/22,24.1788,24.1788
2022-07-06,"3,845.08",0.0184,0.16053,0.1921,7/6/22,24.1753,24.1753
2022-07-07,"3,902.62",0.01853,0.16053,0.1921,7/7/22,24.1583,24.1583
2022-07-08,"3,899.38",0.01843,0.16053,0.1921,7/8/22,24.1344,24.1344
2022-07-11,"3,854.43",0.01953,0.16053,0.1921,7/11/22,24.1396,24.1396
2022-07-12,"3,818.80",0.02113,0.16053,0.1921,7/12/22,24.1574,24.1574
2022-07-13,"3,801.78",0.02323,0.16255,0.21004,7/13/22,24.2041,24.2041
2022-07-14,"3,790.38",0.02273,0.16255,0.21004,7/14/22,24.2542,24.2542
2022-07-15,"3,863.16",0.0224,0.16255,0.21004,7/15/22,24.2826,24.2826
2022-07-18,"3,830.85",0.0226,0.16255,0.21004,7/18/22,24.3418,24.3418
2022-07-19,"3,936.69",0.0245,0.16255,0.21004,7/19/22,24.367,24.367
2022-07-20,"3,959.90",0.02378,0.1558,0.19425,7/20/22,24.3867,24.3867
2022-07-21,"3,998.95",0.0236,0.1558,0.19425,7/21/22,24.3893,24.3893
2022-07-22,"3,961.63",0.02355,0.1558,0.19425,7/22/22,24.4058,24.4058
2022-07-25,"3,966.84",0.02393,0.1558,0.19425,7/25/22,24.4015,24.4015
2022-07-26,"3,921.05",0.02475,0.1558,0.19425,7/26/22,24.3765,24.3765
2022-07-27,"4,023.61",0.02383,0.15456,0.18882,7/27/22,24.2874,24.2874
2022-07-28,"4,072.43",0.02308,0.15456,0.18882,7/28/22,24.1956,24.1956
2022-07-29,"4,130.29",0.02298,0.15456,0.18882,7/29/22,24.1358,24.1358
2022-08-01,"4,118.63",0.02265,0.15456,0.18882,8/1/22,24.0477,24.0477
2022-08-02,"4,091.19",0.02463,0.15456,0.18882,8/2/22,23.9818,23.9818
2022-08-03,"4,155.17",0.02428,0.14761,0.19015,8/3/22,23.9058,23.9058
2022-08-04,"4,151.94",0.02378,0.14761,0.19015,8/4/22,23.8396,23.8396
2022-08-05,"4,145.19",0.0241,0.14761,0.19015,8/5/22,23.7878,23.7878
2022-08-08,"4,140.06",0.0246,0.14761,0.19015,8/8/22,23.7511,23.7511
2022-08-09,"4,122.47",0.0257,0.14761,0.19015,8/9/22,23.7255,23.7255
2022-08-10,"4,210.24",0.02535,0.1543,0.18088,8/10/22,23.6569,23.6569
2022-08-11,"4,207.27",0.0249,0.1543,0.18088,8/11/22,23.6021,23.6021
2022-08-12,"4,280.15",0.025,0.1543,0.18088,8/12/22,23.5218,23.5218
2022-08-15,"4,297.14",0.02513,0.1543,0.18088,8/15/22,23.4429,23.4429
2022-08-16,"4,305.20",0.02598,0.1543,0.18088,8/16/22,23.3615,23.3615
2022-08-17,"4,274.04",0.02568,0.15555,0.20528,8/17/22,23.3075,23.3075
2022-08-18,"4,283.74",0.02565,0.15555,0.20528,8/18/22,23.2498,23.2498
2022-08-19,"4,228.48",0.0258,0.15555,0.20528,8/19/22,23.2118,23.2118
2022-08-22,"4,137.99",0.02648,0.15555,0.20528,8/22/22,23.1814,23.1814
2022-08-23,"4,128.73",0.02703,0.15555,0.20528,8/23/22,23.1439,23.1439
2022-08-24,"4,140.77",0.02713,0.15528,0.19001,8/24/22,23.0866,23.0866
2022-08-25,"4,199.12",0.0273,0.15528,0.19001,8/25/22,22.9959,22.9959
2022-08-26,"4,057.66",0.02755,0.15528,0.19001,8/26/22,22.9909,22.9909
2022-08-29,"4,030.61",0.02798,0.15528,0.19001,8/29/22,22.9636,22.9636
2022-08-30,"3,986.16",0.02873,0.15528,0.19001,8/30/22,22.9626,22.9626
2022-08-31,"3,955.00",0.0286,0.16235,0.22004,8/31/22,22.9738,22.9738
2022-09-01,"3,966.85",0.02863,0.16235,0.22004,9/1/22,22.9989,22.9989
2022-09-02,"3,924.26",0.0282,0.16235,0.22004,9/2/22,23.0065,23.0065
2022-09-06,"3,908.19",0.02845,0.16235,0.22004,9/6/22,23.0297,23.0297
2022-09-07,"3,979.87",0.02933,0.15713,0.20094,9/7/22,23.0112,23.0112
2022-09-08,"4,006.18",0.0295,0.15713,0.20094,9/8/22,23.013,23.013
2022-09-09,"4,067.36",0.02968,0.15713,0.20094,9/9/22,23.0309,23.0309
2022-09-12,"4,110.41",0.02995,0.15713,0.20094,9/12/22,23.0536,23.0536
2022-09-13,"3,932.69",0.03153,0.15713,0.20094,9/13/22,23.1024,23.1024
2022-09-14,"3,946.01",0.03128,0.16157,0.22161,9/14/22,23.1221,23.1221
2022-09-15,"3,901.35",0.03095,0.16157,0.22161,9/15/22,23.1858,23.1858
2022-09-16,"3,873.33",0.0307,0.16157,0.22161,9/16/22,23.2489,23.2489
2022-09-19,"3,899.89",0.03035,0.16157,0.22161,9/19/22,23.2927,23.2927
2022-09-20,"3,855.93",0.03243,0.16157,0.22161,9/20/22,23.3393,23.3393
2022-09-21,"3,789.93",0.0319,0.16911,0.24129,9/21/22,23.3977,23.3977
2022-09-22,"3,757.99",0.0313,0.16911,0.24129,9/22/22,23.4756,23.4756
2022-09-23,"3,693.23",0.03108,0.16911,0.24129,9/23/22,23.5621,23.5621
2022-09-26,"3,655.04",0.03165,0.16911,0.24129,9/26/22,23.68,23.68
2022-09-27,"3,647.29",0.0325,0.16911,0.24129,9/27/22,23.8233,23.8233
2022-09-28,"3,719.04",0.0323,0.17158,0.23464,9/28/22,23.9651,23.9651
2022-09-29,"3,640.47",0.03218,0.17158,0.23464,9/29/22,24.0813,24.0813
2022-09-30,"3,585.62",0.0318,0.17158,0.23464,9/30/22,24.2245,24.2245
2022-10-03,"3,678.43",0.0315,0.17158,0.23464,10/3/22,24.3219,24.3219
2022-10-04,"3,790.93",0.03315,0.17158,0.23464,10/4/22,24.3689,24.3689
2022-10-05,"3,783.28",0.03293,0.16047,0.23058,10/5/22,24.4329,24.4329
2022-10-06,"3,744.52",0.03288,0.16047,0.23058,10/6/22,24.5342,24.5342
2022-10-07,"3,639.66",0.03293,0.16047,0.23058,10/7/22,24.6601,24.6601
2022-10-10,"3,612.39",0.03285,0.16047,0.23058,10/10/22,24.7496,24.7496
2022-10-11,"3,588.84",0.0334,0.16047,0.23058,10/11/22,24.8451,24.8451
2022-10-12,"3,577.03",0.03533,0.16835,0.25345,10/12/22,24.9347,24.9347
2022-10-13,"3,669.91",0.03583,0.16835,0.25345,10/13/22,24.9929,24.9929
2022-10-14,"3,583.07",0.03628,0.16835,0.25345,10/14/22,25.0781,25.0781
2022-10-17,"3,677.95",0.03688,0.16835,0.25345,10/17/22,25.1538,25.1538
2022-10-18,"3,719.98",0.03833,0.16835,0.25345,10/18/22,25.2086,25.2086
2022-10-19,"3,695.16",0.03893,0.16755,0.25023,10/19/22,25.2929,25.2929
2022-10-20,"3,665.78",0.0389,0.16755,0.25023,10/20/22,25.3901,25.3901
2022-10-21,"3,752.75",0.03885,0.16755,0.25023,10/21/22,25.4879,25.4879
2022-10-24,"3,797.34",0.03913,0.16755,0.25023,10/24/22,25.5733,25.5733
2022-10-25,"3,859.11",0.03965,0.16755,0.25023,10/25/22,25.5789,25.5789
2022-10-26,"3,830.60",0.0393,0.16509,0.24426,10/26/22,25.6403,25.6403
2022-10-27,"3,807.30",0.0393,0.16509,0.24426,10/27/22,25.6008,25.6008
2022-10-28,"3,901.06",0.0397,0.16509,0.24426,10/28/22,25.6082,25.6082
2022-10-31,"3,871.98",0.03975,0.16509,0.24426,10/31/22,25.6398,25.6398
2022-11-01,"3,856.10",0.0405,0.16509,0.24426,11/1/22,25.6373,25.6373
2022-11-02,"3,759.69",0.04025,0.16847,0.24988,11/2/22,25.6269,25.6269
2022-11-03,"3,719.89",0.04025,0.16847,0.24988,11/3/22,25.654,25.654
2022-11-04,"3,770.55",0.04013,0.16847,0.24988,11/4/22,25.6463,25.6463
2022-11-07,"3,806.80",0.03983,0.16847,0.24988,11/7/22,25.5997,25.5997
2022-11-08,"3,828.11",0.0409,0.16847,0.24988,11/8/22,25.5547,25.5547
2022-11-09,"3,748.57",0.04093,0.17241,0.2398,11/9/22,25.5354,25.5354
2022-11-10,"3,956.37",0.04055,0.17241,0.2398,11/10/22,25.4653,25.4653
2022-11-11,"3,992.93",0.04063,0.17241,0.2398,11/11/22,25.3874,25.3874
2022-11-14,"3,957.25",0.04068,0.17241,0.2398,11/14/22,25.3482,25.3482
2022-11-15,"3,991.73",0.0413,0.17241,0.2398,11/15/22,25.3219,25.3219
2022-11-16,"3,958.79",0.04125,0.1593,0.22525,11/16/22,25.2864,25.2864
2022-11-17,"3,946.56",0.04113,0.1593,0.22525,11/17/22,25.2252,25.2252
2022-11-18,"3,965.34",0.04135,0.1593,0.22525,11/18/22,25.1706,25.1706
2022-11-21,"3,949.94",0.04098,0.1593,0.22525,11/21/22,25.0664,25.0664
2022-11-22,"4,003.58",0.04198,0.1593,0.22525,11/22/22,24.9418,24.9418
2022-11-23,"4,027.26",0.042,0.14892,0.21181,11/23/22,24.822,24.822
2022-11-25,"4,026.12",0.04175,0.14892,0.21181,11/25/22,24.733,24.733
2022-11-28,"3,963.94",0.04183,0.14892,0.21181,11/28/22,24.6443,24.6443
2022-11-29,"3,957.63",0.04253,0.14892,0.21181,11/29/22,24.5698,24.5698
2022-11-30,"4,080.11",0.04253,0.14565,0.20411,11/30/22,24.4681,24.4681
2022-12-01,"4,076.57",0.04193,0.14565,0.20411,12/1/22,24.357,24.357
2022-12-02,"4,071.70",0.04208,0.14565,0.20411,12/2/22,24.2294,24.2294
2022-12-05,"3,998.84",0.04158,0.14565,0.20411,12/5/22,24.1216,24.1216
2022-12-06,"3,941.26",0.0422,0.14565,0.20411,12/6/22,24.0404,24.0404
2022-12-07,"3,933.92",0.04183,0.15201,0.21697,12/7/22,24.0051,24.0051
2022-12-08,"3,963.51",0.0415,0.15201,0.21697,12/8/22,23.9345,23.9345
2022-12-09,"3,934.38",0.04173,0.15201,0.21697,12/9/22,23.9493,23.9493
2022-12-12,"3,990.56",0.04168,0.15201,0.21697,12/12/22,23.9005,23.9005
2022-12-13,"4,019.65",0.04248,0.15201,0.21697,12/13/22,23.8385,23.8385
2022-12-14,"3,995.32",0.0422,0.14752,0.21522,12/14/22,23.791,23.791
2022-12-15,"3,895.75",0.04213,0.14752,0.21522,12/15/22,23.7573,23.7573
2022-12-16,"3,852.36",0.04163,0.14752,0.21522,12/16/22,23.7083,23.7083
2022-12-19,"3,817.66",0.04163,0.14752,0.21522,12/19/22,23.6903,23.6903
2022-12-20,"3,821.62",0.0423,0.14752,0.21522,12/20/22,23.6866,23.6866
2022-12-21,"3,878.44",0.04205,0.15376,0.21883,12/21/22,23.6485,23.6485
2022-12-22,"3,822.39",0.04208,0.15376,0.21883,12/22/22,23.6104,23.6104
2022-12-23,"3,844.82",0.04193,0.15376,0.21883,12/23/22,23.5983,23.5983
2022-12-27,"3,829.25",0.04195,0.15376,0.21883,12/27/22,23.5918,23.5918
2022-12-28,"3,783.22",0.04338,0.15861,0.22666,12/28/22,23.5756,23.5756
2022-12-29,"3,849.28",0.04295,0.15861,0.22666,12/29/22,23.5538,23.5538
2022-12-30,"3,839.50",0.0426,0.15861,0.22666,12/30/22,23.5342,23.5342
